Age,DailyRate,DistanceFromHome,HourlyRate,MonthlyIncome,MonthlyRate,NumCompaniesWorked,PercentSalaryHike,TotalWorkingYears,TrainingTimesLastYear,YearsAtCompany,YearsInCurrentRole,YearsSinceLastPromotion,YearsWithCurrManager,Attrition
53,124,2,38,7525,23537,2,12,30,2,15,7,6,12,0
21,337,7,31,2679,4567,1,13,1,3,1,0,1,0,1
36,1218,9,82,3407,6986,7,23,10,4,5,3,0,3,1
38,1391,10,66,2684,12127,0,17,3,0,2,1,0,2,0
24,1476,4,42,4162,15211,1,12,5,3,5,4,0,3,0
33,1283,2,62,5147,10697,8,15,13,2,11,7,1,7,0
58,289,2,51,2479,26227,4,24,7,4,1,0,0,0,1
53,346,6,86,2450,10919,2,17,19,4,2,2,2,2,0
32,1005,2,79,3068,11864,0,13,8,2,7,7,3,6,0
26,1357,25,48,2293,10558,1,12,1,2,1,0,0,1,1
46,849,26,98,7991,25166,8,15,6,3,2,2,2,2,0
29,1396,10,99,2642,2755,1,11,1,6,1,0,0,0,0
33,603,9,77,8224,18385,0,17,6,3,5,2,0,3,1
25,599,24,73,1118,8040,1,14,1,4,1,0,1,0,1
33,118,16,69,5324,26507,5,15,6,3,3,2,0,2,1
36,1467,11,92,9738,22952,0,14,10,6,9,7,2,8,0
24,240,22,58,1555,11585,1,11,1,2,1,0,0,0,1
28,103,24,50,2028,12947,5,14,6,4,4,2,0,3,1
25,266,1,40,2096,18830,1,18,2,3,2,2,2,1,0
43,1291,15,65,17603,3525,1,24,14,3,14,10,6,11,0
32,128,2,84,2176,19737,4,13,9,5,6,2,0,4,0
24,830,13,78,2033,7103,1,13,1,2,1,0,0,0,0
29,598,9,91,2451,22376,6,18,5,2,1,0,0,0,0
55,267,13,85,13695,9277,6,17,24,2,19,7,3,8,1
51,1405,11,82,13142,24439,3,16,29,1,5,2,0,3,0
28,1404,17,32,2367,18779,5,12,6,2,4,1,0,3,1
35,819,2,44,10274,19588,2,18,15,2,7,7,6,4,0
58,147,23,94,10312,3465,1,12,40,3,40,10,15,6,1
35,1315,22,71,11996,19100,7,18,10,6,7,7,6,2,0
30,641,25,85,4736,6069,7,12,4,2,2,2,2,2,0
21,756,1,99,2174,9150,1,11,3,3,3,2,1,2,1
35,303,27,84,5813,13492,1,18,10,2,10,7,7,7,1
20,769,9,54,2323,17205,1,14,2,3,2,2,0,2,1
35,1370,27,49,6883,5151,2,16,17,3,7,7,0,7,0
34,658,7,66,6074,22887,1,24,9,3,9,7,0,6,1
27,954,9,44,4105,5099,1,14,7,5,7,7,0,7,0
37,921,10,98,3452,17663,6,20,17,3,5,4,0,3,0
56,310,7,72,2339,3666,8,11,14,4,10,9,9,8,1
20,654,21,43,2678,5050,1,17,2,2,2,1,2,2,0
32,585,10,56,3433,17360,6,13,10,3,5,2,1,3,0
35,817,1,60,5363,10846,0,12,10,0,9,7,0,0,0
23,638,9,33,1790,26956,1,19,1,3,1,0,1,0,1
34,988,23,43,9950,11533,9,15,11,2,3,2,0,2,1
59,818,6,52,2267,25657,8,17,7,2,2,2,2,2,0
50,869,3,86,2683,3810,1,14,3,2,3,2,0,2,1
34,790,24,40,4599,7815,0,23,16,2,15,9,10,10,1
50,410,28,39,10854,16586,4,13,20,3,3,2,2,0,1
50,797,4,96,19144,15815,3,14,28,4,10,4,1,6,0
34,970,8,96,6142,7360,3,11,10,2,5,1,4,3,0
28,1451,2,67,3201,19911,0,17,6,2,5,3,0,4,0
26,920,20,69,2148,6889,0,11,6,3,5,1,1,4,1
31,667,1,50,1359,16154,1,12,1,3,1,0,0,0,1
45,194,9,60,2348,10901,8,18,20,2,17,9,0,15,0
31,335,9,46,2321,10322,0,22,4,0,3,2,1,2,1
55,267,13,85,13695,9277,6,17,24,2,19,7,3,8,1
28,950,3,93,7655,8039,0,17,10,3,9,7,1,7,0
53,661,7,78,10934,20715,7,18,35,3,5,2,0,4,0
37,1189,3,87,7428,14506,2,12,12,3,5,3,1,3,0
30,334,26,52,6696,22967,5,15,9,5,6,3,0,1,1
35,622,14,39,3743,10074,1,24,5,2,4,2,0,2,1
46,1402,2,69,17048,24097,8,23,28,2,26,15,15,9,0
34,1107,9,52,2742,3072,1,15,2,0,2,2,2,2,1
31,1060,1,54,2302,8319,1,11,3,2,3,2,2,2,1
29,1329,7,82,6623,4204,1,11,6,2,6,0,1,0,0
33,465,2,39,2707,21509,7,20,13,3,9,7,1,7,1
31,561,3,33,4084,4156,1,12,7,2,7,2,7,7,1
45,1297,1,44,5399,14511,4,12,12,3,4,2,0,3,0
34,967,16,85,2307,14460,1,23,5,2,5,2,3,0,1
47,666,29,88,11849,10268,1,12,10,2,10,7,9,9,1
39,792,1,77,6472,8989,1,15,9,2,9,8,5,8,0
34,167,8,32,5121,4187,3,14,7,3,0,0,0,0,0
29,1092,1,36,4787,26124,9,14,4,3,2,2,2,2,1
29,459,24,73,2439,14753,1,24,1,3,1,0,1,0,1
28,289,2,38,2561,5355,7,11,8,2,0,0,0,0,1
33,603,9,77,8224,18385,0,17,6,3,5,2,0,3,1
34,937,1,32,9888,6770,1,21,14,3,14,8,2,1,0
27,1167,4,76,2517,3208,1,11,5,2,5,3,0,3,0
38,903,2,81,4855,7653,4,11,7,2,5,2,1,4,1
25,1382,8,85,4907,13684,0,22,6,3,5,3,0,4,0
37,1040,2,100,5163,15850,5,14,17,2,1,0,0,0,0
30,921,1,38,3833,24375,3,21,7,2,2,2,0,2,0
44,1097,10,96,2936,10826,1,11,6,4,6,4,0,2,1
32,499,2,36,4078,20497,0,13,4,3,3,2,1,2,0
40,329,1,88,2387,6762,3,22,7,3,4,2,0,3,0
44,602,1,37,5743,10503,4,11,14,3,10,7,0,2,0
28,1366,24,72,8722,12355,1,12,10,2,10,7,1,9,1
33,924,2,78,2496,6670,4,11,7,3,1,1,0,0,0
39,1162,3,41,5238,17778,4,18,12,3,1,0,0,0,1
36,1266,10,63,5673,6060,1,13,10,4,10,9,1,7,0
46,526,1,92,10453,2137,1,25,24,2,24,13,15,7,0
46,669,9,64,9619,13596,1,16,9,3,9,8,4,7,1
29,350,13,56,2335,3157,4,15,4,3,2,2,2,0,1
43,394,26,92,16959,19494,1,12,25,3,25,12,4,12,0
25,240,5,46,5744,26959,1,11,6,1,6,4,0,3,1
42,265,5,90,18303,7770,6,13,21,3,1,0,0,0,0
43,1344,7,37,2089,5228,4,14,7,3,5,4,2,2,0
31,325,5,74,9936,3787,0,19,10,2,9,4,1,7,0
40,1329,7,73,2166,3339,3,14,10,3,4,2,0,3,1
38,168,1,81,7861,15397,4,14,10,4,1,0,0,0,0
37,625,1,46,10609,14922,5,11,17,2,14,1,11,7,1
39,412,13,94,17123,17334,6,13,21,4,19,9,15,2,0
46,1450,15,52,19081,10849,5,11,25,2,4,2,0,3,0
45,1329,2,59,5770,5388,1,19,10,3,10,7,3,9,0
58,286,2,31,19246,25761,7,12,40,2,31,15,13,8,1
55,1117,18,83,16835,9873,3,23,37,2,10,9,7,7,0
58,601,7,53,10008,12023,7,14,31,0,10,9,5,9,1
30,600,8,66,2180,9732,6,11,6,0,4,2,1,2,1
53,607,2,78,10169,14618,0,16,34,4,33,7,1,9,1
30,945,9,89,1081,16019,1,13,1,3,1,0,0,0,1
45,176,4,56,9756,6595,4,21,9,2,5,0,0,3,0
33,501,15,95,4878,21653,0,13,10,6,9,7,8,1,0
42,1059,9,93,19613,26362,8,22,24,2,1,0,0,1,0
28,1300,17,79,4558,13535,1,12,10,2,10,0,1,8,0
19,303,2,47,1102,9241,1,22,1,3,1,0,1,0,1
29,1370,3,87,4723,16213,1,18,10,3,10,9,1,5,0
40,1479,24,100,13194,17071,4,16,22,2,1,0,0,0,1
19,419,21,37,2121,9947,1,13,1,3,1,0,0,0,1
19,528,22,50,1675,26820,1,19,0,2,0,0,0,0,1
39,141,3,44,6389,18767,9,15,12,3,8,3,3,6,0
21,391,15,96,1232,19281,1,14,0,6,0,0,0,0,0
31,196,29,91,5468,13402,1,14,13,3,12,7,5,7,0
40,1194,1,52,6513,9060,4,17,12,3,5,3,0,3,0
20,129,4,84,2973,13008,1,19,1,2,1,0,0,0,1
47,719,27,77,6397,10339,4,12,8,2,5,4,1,3,1
34,258,21,74,5337,19921,1,12,10,3,10,7,5,7,0
53,607,2,78,10169,14618,0,16,34,4,33,7,1,9,1
25,688,3,91,4031,9396,5,13,6,5,2,2,0,2,1
43,782,6,50,16627,2671,4,14,21,3,1,0,0,0,0
25,891,4,99,4487,12090,1,11,5,3,5,4,1,3,0
41,465,14,56,2451,4609,4,12,13,2,9,8,1,8,0
24,813,1,61,2293,3020,2,16,6,2,2,0,2,0,1
40,1124,1,57,7457,13273,2,22,6,2,4,3,0,2,0
56,441,14,72,4963,4510,9,18,7,2,5,4,4,3,1
48,163,2,37,4051,19658,2,14,14,2,9,7,6,7,0
20,500,2,49,2044,22052,1,13,2,3,2,2,0,2,1
31,202,8,34,1261,22262,1,12,1,3,1,0,0,0,1
21,251,10,45,2625,25308,1,20,2,2,2,2,2,2,1
30,501,27,99,5304,25275,7,23,10,2,8,7,7,7,0
36,917,6,60,2741,6865,1,14,7,4,7,7,1,7,0
38,702,1,59,8686,12930,4,22,12,2,8,3,0,7,0
45,1052,6,57,8865,16840,6,12,23,2,19,7,12,8,0
34,648,11,56,4490,21833,4,11,14,5,10,9,1,8,0
36,311,7,77,2013,10950,2,11,15,4,4,3,1,3,0
34,1397,1,42,2691,7660,1,12,10,4,10,9,8,8,0
53,1395,24,48,7005,3458,3,15,11,2,4,3,1,2,0
41,447,5,85,6870,15530,3,12,11,3,3,2,1,2,0
31,335,9,46,2321,10322,0,22,4,0,3,2,1,2,1
33,827,29,54,4508,3129,1,22,14,4,13,7,3,8,1
33,211,16,74,8564,10092,2,20,11,2,0,0,0,0,1
42,188,29,56,4272,9558,4,19,16,3,1,0,0,0,0
46,991,1,44,3423,22957,6,12,10,3,7,6,5,7,0
36,1456,13,96,6134,8658,5,13,16,3,2,2,2,2,1
34,1157,5,57,3986,11912,1,14,15,3,15,10,4,13,0
27,1337,22,58,2863,19555,1,12,1,2,1,0,0,0,1
22,1256,3,48,2853,4223,0,11,1,5,0,0,0,0,1
35,737,10,55,10306,21530,9,17,15,3,13,12,6,0,1
35,1204,4,86,9582,10333,0,22,9,2,8,7,4,7,1
23,427,7,99,2275,25103,1,21,3,2,3,2,0,2,1
23,310,10,79,3505,19630,1,18,2,3,2,2,0,2,0
28,736,26,48,4724,24232,1,11,5,0,5,3,0,4,0
35,200,18,60,9362,19944,2,11,10,2,2,2,2,2,0
55,836,2,98,2662,7975,8,20,19,2,5,2,0,4,0
28,304,9,92,5253,20750,1,16,7,1,7,5,0,7,0
40,692,11,73,6323,26849,1,11,10,2,10,9,9,4,0
39,439,9,70,6782,8770,9,15,9,2,5,4,0,3,0
33,117,9,60,2781,6311,0,13,15,5,14,10,4,10,0
41,509,7,43,3376,18863,1,13,10,3,10,6,0,8,0
21,156,12,90,2716,25422,1,15,1,0,1,0,0,0,1
33,211,16,74,8564,10092,2,20,11,2,0,0,0,0,1
44,1376,1,91,10482,2326,9,14,24,1,20,6,3,6,1
24,693,3,65,4577,24785,9,14,4,3,2,2,2,0,1
41,1200,22,75,5467,13953,3,14,12,4,6,2,3,3,0
33,1216,8,39,7104,20431,0,12,6,3,5,0,1,2,0
35,672,25,78,10903,9129,3,16,16,2,13,10,4,8,0
32,1018,3,39,11159,19373,3,15,10,6,7,7,7,7,0
35,809,16,84,2426,16479,0,13,6,5,5,4,0,3,0
32,1045,4,32,10400,25812,1,11,14,2,14,8,9,8,1
20,1362,10,32,1009,26999,1,11,1,5,1,0,1,1,1
44,1376,1,91,10482,2326,9,14,24,1,20,6,3,6,1
29,657,27,66,4335,25549,4,12,11,3,8,7,1,1,0
40,1342,9,47,5473,19345,0,12,9,5,8,4,7,1,0
24,1371,10,77,4260,5915,1,12,5,2,5,2,0,3,0
29,144,10,39,8268,11866,1,14,7,2,7,7,1,7,0
48,626,1,98,5381,19294,9,13,23,2,1,0,0,0,1
36,429,2,53,5410,2323,9,11,18,2,16,14,5,12,0
37,1319,6,51,5974,17001,4,13,13,2,7,7,6,7,0
37,1470,10,71,3936,9953,1,11,8,2,8,4,7,7,0
32,238,5,47,2432,15318,3,14,8,2,4,1,0,3,1
35,1204,4,86,9582,10333,0,22,9,2,8,7,4,7,1
46,406,3,52,17465,15596,3,12,23,3,12,9,4,9,0
20,1097,11,98,2600,18275,1,15,1,2,1,0,0,0,1
19,645,9,54,2552,7172,1,25,1,4,1,1,0,0,0
44,477,7,42,10248,2094,3,14,24,4,22,6,5,17,0
24,813,1,61,2293,3020,2,16,6,2,2,0,2,0,1
31,828,2,77,6582,8346,4,13,10,2,6,5,0,5,0
23,1320,8,93,3989,20586,1,11,5,2,5,4,1,2,1
33,827,29,54,4508,3129,1,22,14,4,13,7,3,8,1
25,383,9,68,4400,15182,3,12,6,2,3,2,2,2,1
37,807,6,63,2073,23648,4,22,7,3,3,2,0,2,1
30,946,2,52,6877,20234,5,24,12,4,0,0,0,0,0
28,1366,24,72,8722,12355,1,12,10,2,10,7,1,9,1
35,763,15,59,5440,22098,6,14,7,2,2,2,2,2,1
28,1158,9,94,2070,2613,1,23,5,3,5,2,0,4,0
32,967,8,43,8998,15589,1,14,9,2,9,8,3,7,0
18,544,3,70,1569,18420,1,12,0,2,0,0,0,0,1
47,1093,9,82,12936,24164,7,11,25,3,23,5,14,10,1
36,217,18,78,7779,23238,2,20,18,0,11,9,0,9,0
42,570,8,66,18430,16225,1,13,24,4,24,7,14,9,0
37,1372,1,42,2115,15881,1,12,17,3,17,12,5,7,0
26,1357,25,48,2293,10558,1,12,1,2,1,0,0,1,1
24,984,17,97,2210,3372,1,13,1,3,1,0,0,0,1
20,1097,11,98,2600,18275,1,15,1,2,1,0,0,0,1
45,549,8,75,3697,9278,9,14,12,3,10,9,9,8,0
37,889,9,53,2326,11411,1,12,4,3,4,2,1,2,0
43,422,1,33,5562,21782,4,13,12,2,5,2,2,2,0
35,763,15,59,5440,22098,6,14,7,2,2,2,2,2,1
38,573,6,79,5329,15717,7,12,17,3,13,11,1,9,0
35,763,15,59,5440,22098,6,14,7,2,2,2,2,2,1
38,330,17,65,8823,24608,0,18,20,4,19,9,1,9,0
52,621,3,31,16856,10084,1,11,34,3,34,6,1,16,0
50,959,1,81,4728,17251,3,14,5,4,0,0,0,0,1
34,629,27,95,2311,5711,2,15,9,3,3,2,1,2,0
28,1179,19,78,3196,12449,1,12,6,2,6,5,3,3,0
22,253,11,43,2244,24440,1,13,2,1,2,1,1,2,0
33,827,29,54,4508,3129,1,22,14,4,13,7,3,8,1
27,472,1,60,4298,9679,5,19,6,1,2,2,2,0,0
40,444,2,92,5677,4258,3,14,15,4,11,8,5,10,0
56,441,14,72,4963,4510,9,18,7,2,5,4,4,3,1
25,383,9,68,4400,15182,3,12,6,2,3,2,2,2,1
29,718,8,79,5056,17689,1,15,10,2,10,7,1,2,0
37,370,10,58,4213,4992,1,15,10,4,10,3,0,8,1
53,1376,2,45,14852,13938,6,13,22,3,17,13,15,2,0
22,457,26,85,2814,10293,1,14,4,2,4,2,1,3,0
32,374,25,87,2795,18016,1,24,1,2,1,0,0,1,1
44,383,1,79,4768,9282,7,12,11,4,1,0,0,0,0
29,806,7,39,3339,17285,3,13,10,2,7,7,7,7,1
27,1420,2,85,3041,16346,0,11,5,3,4,3,0,2,1
35,819,18,48,5208,26312,1,11,16,2,16,15,1,10,0
21,1427,18,65,2693,8870,1,19,1,3,1,0,0,0,1
30,153,8,73,11416,17802,0,12,9,4,8,7,1,7,0
31,335,9,46,2321,10322,0,22,4,0,3,2,1,2,1
39,895,5,56,2086,3335,3,14,19,6,1,0,0,0,1
44,429,1,99,2342,11092,1,12,6,2,5,3,2,3,1
31,667,1,50,1359,16154,1,12,1,3,1,0,0,0,1
40,676,9,86,2018,21831,3,14,15,3,5,4,1,0,1
28,654,1,67,2216,3872,7,13,10,4,7,7,3,7,1
46,1254,10,64,7314,14011,5,21,14,2,8,7,0,7,1
30,979,15,94,7140,3088,2,11,12,2,7,7,1,7,0
30,740,1,64,9714,5323,1,11,10,4,10,8,6,7,1
27,1134,16,37,2811,12086,9,14,4,2,2,2,2,2,0
24,693,3,65,4577,24785,9,14,4,3,2,2,2,0,1
30,945,9,89,1081,16019,1,13,1,3,1,0,0,0,1
29,1210,2,78,6644,3687,2,19,10,2,0,0,0,0,0
47,955,4,83,4163,8571,1,17,9,0,9,0,0,7,0
27,1410,3,71,4647,16673,1,20,6,3,6,5,0,4,0
33,587,10,38,3408,6705,7,13,8,2,4,3,1,3,1
31,874,15,72,2610,6233,1,12,2,5,2,2,2,2,1
28,1485,12,79,2515,22955,1,11,1,4,1,1,0,0,1
34,1480,4,64,9713,24444,2,13,9,3,5,3,1,0,0
36,894,1,33,4374,15411,0,15,4,6,3,2,1,2,0
49,279,8,61,5130,24907,1,23,10,3,10,7,1,7,0
58,848,23,88,2372,26076,1,12,2,3,2,2,2,2,0
37,807,6,63,2073,23648,4,22,7,3,3,2,0,2,1
26,1146,8,38,5326,3064,6,17,6,2,4,3,1,2,1
31,542,20,71,4559,24788,3,11,4,2,2,2,2,2,1
35,992,1,68,2450,21731,1,19,3,3,3,0,1,2,0
49,1184,11,43,7654,5860,1,18,9,3,9,8,7,7,1
31,1125,1,48,5003,5771,1,21,10,6,10,8,8,7,0
44,1037,1,42,2436,13422,6,12,6,2,4,3,1,2,0
40,218,8,55,13757,25178,2,11,16,5,9,8,4,8,0
46,717,13,34,5562,9697,6,14,19,3,10,7,0,9,0
26,1357,25,48,2293,10558,1,12,1,2,1,0,0,1,1
55,836,8,33,14756,19730,2,14,21,2,5,0,0,2,0
26,887,5,88,2366,20898,1,14,8,2,8,7,1,7,1
42,555,26,77,13525,14864,5,14,23,2,20,4,4,8,0
29,341,1,48,2800,23522,6,19,5,3,3,2,0,2,1
47,202,2,33,16752,12982,1,11,26,3,26,14,3,0,0
38,827,1,33,7625,19383,0,13,10,4,9,7,1,8,0
32,1146,15,34,6667,16542,5,18,9,6,5,1,1,2,0
34,810,8,92,6799,22128,1,21,10,5,10,8,4,8,0
38,1261,2,88,6553,7259,9,14,14,3,1,0,0,0,0
28,857,10,59,3660,7909,3,13,10,4,8,7,1,7,0
59,1435,25,99,7637,2354,7,11,28,3,21,16,7,9,0
52,1030,5,64,8446,21534,9,19,10,2,8,7,7,7,1
18,1306,5,69,1878,8059,1,14,0,3,0,0,0,0,1
30,740,1,64,9714,5323,1,11,10,4,10,8,6,7,1
44,1097,10,96,2936,10826,1,11,6,4,6,4,0,2,1
34,628,8,82,4404,10228,2,12,6,3,4,3,1,2,0
37,397,7,30,13664,25258,4,13,16,3,5,2,0,2,0
31,311,20,89,4197,18624,1,11,10,2,10,8,0,2,0
22,1294,8,79,2398,15999,1,17,1,6,1,0,0,0,1
43,807,17,38,2437,15587,9,16,6,4,1,0,0,0,1
35,1097,11,79,9884,8302,2,13,10,3,4,0,2,3,0
27,511,2,89,6500,26997,0,14,9,5,8,7,0,7,0
23,638,9,33,1790,26956,1,19,1,3,1,0,1,0,1
28,1217,1,67,3591,12719,1,25,3,3,3,2,1,2,0
44,1193,2,86,10209,19719,5,18,16,2,2,2,2,2,0
31,542,20,71,4559,24788,3,11,4,2,2,2,2,2,1
50,959,1,81,4728,17251,3,14,5,4,0,0,0,0,1
40,299,25,57,9094,17235,2,12,9,2,5,4,1,0,1
58,286,2,31,19246,25761,7,12,40,2,31,15,13,8,1
37,807,6,63,2073,23648,4,22,7,3,3,2,0,2,1
44,111,17,74,2290,4279,2,13,6,3,0,0,0,0,0
24,823,17,94,2127,9100,1,21,1,2,1,0,0,0,0
29,1252,23,81,2700,23779,1,24,10,3,10,7,0,7,0
31,326,8,31,10793,8386,1,18,13,5,13,7,9,9,0
37,504,10,61,10048,22573,6,11,17,5,1,0,0,0,1
32,1474,11,60,4707,23914,8,12,6,2,4,2,1,2,1
28,1103,16,49,2144,2122,1,14,5,3,5,3,1,4,0
31,192,2,32,2695,7747,0,18,3,2,2,2,2,2,0
36,635,10,32,9980,15318,1,14,10,3,10,3,9,7,0
44,1315,3,35,19513,9358,4,12,26,2,2,2,0,1,0
35,662,18,67,4614,23288,0,18,5,0,4,2,3,2,1
59,1225,1,57,5473,24668,7,11,20,2,4,3,1,3,0
46,261,21,66,8926,10842,4,22,13,2,9,7,3,7,1
37,671,19,85,5768,26493,3,17,9,2,4,3,0,2,0
31,697,10,40,11031,26862,4,20,13,2,11,7,4,8,0
31,1398,8,96,2109,24609,9,18,8,3,3,2,0,2,0
21,756,1,99,2174,9150,1,11,3,3,3,2,1,2,1
41,1102,1,94,5993,19479,8,11,8,0,6,4,0,5,1
34,653,10,92,5063,15332,1,14,8,3,8,2,7,7,0
45,950,28,97,2132,4585,4,20,8,3,5,4,0,3,0
38,1380,9,75,2288,6319,1,12,2,3,2,2,2,1,0
25,599,24,73,1118,8040,1,14,1,4,1,0,1,0,1
31,976,3,48,3065,3995,1,13,4,3,4,2,2,3,0
24,984,17,97,2210,3372,1,13,1,3,1,0,0,0,1
28,1475,13,84,9854,23352,3,11,6,0,2,0,2,2,1
21,337,7,31,2679,4567,1,13,1,3,1,0,1,0,1
34,829,3,88,3737,2243,0,19,4,1,3,2,0,2,0
29,746,24,45,1091,10642,1,17,1,3,1,0,0,0,1
31,335,9,46,2321,10322,0,22,4,0,3,2,1,2,1
25,688,3,91,4031,9396,5,13,6,5,2,2,0,2,1
32,906,7,91,5484,16985,1,14,13,3,13,8,4,8,0
30,1312,2,78,4968,26427,0,16,10,2,9,7,0,7,0
58,289,2,51,2479,26227,4,24,7,4,1,0,0,0,1
35,1180,2,90,5762,24442,2,14,15,6,7,7,1,7,0
60,696,7,52,5220,10893,0,18,12,3,11,7,1,9,0
26,1443,23,47,4157,21436,7,19,5,2,2,2,0,0,0
33,827,29,54,4508,3129,1,22,14,4,13,7,3,8,1
48,530,29,91,12504,23978,3,21,15,3,0,0,0,0,0
32,588,8,65,5228,24624,1,11,13,2,13,12,11,9,0
44,1459,10,41,6465,19121,2,13,9,5,4,2,1,3,0
26,920,20,69,2148,6889,0,11,6,3,5,1,1,4,1
31,330,22,98,6179,21057,1,15,10,3,10,2,6,7,1
38,201,10,99,13206,3376,3,12,20,3,18,16,1,11,0
35,185,23,91,2705,9696,0,16,6,2,5,4,0,3,0
39,722,24,60,12031,8828,0,11,21,2,20,9,9,6,0
37,1141,11,61,4777,14382,5,15,15,2,1,0,0,0,1
58,605,21,72,17875,11761,4,13,29,2,1,0,0,0,0
46,261,21,66,8926,10842,4,22,13,2,9,7,3,7,1
40,1398,2,79,18041,13022,0,14,21,2,20,15,1,12,0
45,1050,9,65,5593,17970,1,13,15,2,15,10,4,12,0
56,310,7,72,2339,3666,8,11,14,4,10,9,9,8,1
51,1178,14,87,4936,14862,4,11,18,2,7,7,0,7,0
32,976,26,100,4465,12069,0,18,4,2,3,2,2,2,0
47,1482,5,42,18300,16375,4,11,21,2,3,2,1,1,0
31,163,24,30,5238,6670,2,20,9,3,5,4,1,4,0
26,482,1,90,2933,14908,1,13,1,3,1,0,1,0,0
36,1425,14,68,6586,4821,0,17,17,2,16,8,4,11,0
32,374,25,87,2795,18016,1,24,1,2,1,0,0,1,1
40,575,22,68,6380,6110,2,12,8,6,6,4,1,0,1
22,1294,8,79,2398,15999,1,17,1,6,1,0,0,0,1
31,754,26,63,5617,21075,1,11,10,4,10,7,0,8,1
46,644,1,97,9396,12368,7,16,17,3,4,2,0,3,0
45,1038,20,95,10851,19863,2,18,24,2,7,7,0,7,0
28,1157,2,84,3464,24737,5,13,5,4,3,2,2,2,1
32,953,5,65,2718,17674,2,14,12,3,7,7,0,7,0
27,294,10,32,8793,4809,1,21,9,4,9,7,1,7,0
38,345,10,100,5343,5982,1,11,10,1,10,7,1,9,0
46,669,9,64,9619,13596,1,16,9,3,9,8,4,7,1
29,350,13,56,2335,3157,4,15,4,3,2,2,2,0,1
36,676,1,35,5228,23361,0,15,10,2,9,7,0,5,0
40,791,2,38,4244,9931,1,24,8,2,8,7,3,7,0
59,1324,3,81,2670,9964,4,20,12,3,1,0,0,0,0
33,527,1,63,2686,5207,1,13,10,2,10,9,7,8,1
39,1431,1,96,2232,15417,7,14,7,1,3,2,1,2,0
39,119,15,77,13341,25098,0,12,21,3,20,8,11,10,0
40,1479,24,100,13194,17071,4,16,22,2,1,0,0,0,1
21,337,7,31,2679,4567,1,13,1,3,1,0,1,0,1
45,561,2,61,4805,16177,0,19,9,3,8,7,3,7,0
29,1092,1,36,4787,26124,9,14,4,3,2,2,2,2,1
44,1376,1,91,10482,2326,9,14,24,1,20,6,3,6,1
27,894,9,99,2279,11781,1,16,7,2,7,7,0,3,0
36,711,5,42,8008,22792,4,12,9,6,3,2,0,2,0
36,852,5,82,3419,13072,9,14,6,3,1,1,0,0,0
21,337,7,31,2679,4567,1,13,1,3,1,0,1,0,1
44,1376,1,91,10482,2326,9,14,24,1,20,6,3,6,1
30,1012,5,75,3761,2373,9,12,10,3,5,4,0,3,0
50,264,9,59,19331,19519,4,16,27,2,1,0,0,0,0
22,617,3,34,4171,10022,0,19,4,3,3,2,0,2,1
29,115,13,51,5765,17485,5,11,7,4,5,3,0,0,1
18,287,5,73,1051,13493,1,15,0,2,0,0,0,0,0
42,810,23,44,15992,15901,2,14,16,2,1,0,0,0,0
40,575,22,68,6380,6110,2,12,8,6,6,4,1,0,1
46,150,2,60,7379,17433,2,11,12,3,6,3,1,4,0
59,1420,2,32,18844,21922,9,21,30,3,3,2,2,2,0
42,1142,8,81,3968,13624,4,13,8,3,0,0,0,0,0
39,203,2,84,12169,13547,7,11,21,4,18,7,11,5,1
51,1302,2,84,5482,16321,5,18,13,3,4,1,1,2,0
48,1221,7,96,5486,24795,4,11,15,3,2,2,2,2,0
48,817,2,56,8120,18597,3,12,12,3,2,2,2,2,0
40,523,2,98,4661,22455,1,13,9,4,9,8,8,8,0
26,1449,16,45,2373,14180,2,13,5,2,3,2,0,2,1
50,869,3,86,2683,3810,1,14,3,2,3,2,0,2,1
25,882,19,67,3669,9075,3,11,7,6,3,2,1,2,0
58,286,2,31,19246,25761,7,12,40,2,31,15,13,8,1
52,723,8,85,4941,17747,2,15,11,3,8,2,7,7,1
34,1153,1,94,4325,17736,1,15,5,2,5,2,1,3,0
33,1017,25,55,2313,2993,4,20,5,0,2,2,2,2,1
47,983,2,65,5070,7389,5,13,20,2,5,0,0,4,0
39,524,18,32,4534,13352,0,11,9,6,8,7,1,7,0
30,448,12,74,2033,14470,1,18,1,2,1,0,0,0,1
27,691,9,57,2024,5970,6,18,6,1,2,2,2,2,0
51,1456,1,30,7484,25796,3,20,23,1,13,12,12,8,0
28,1434,5,50,3441,11179,1,13,2,3,2,2,2,2,1
36,1174,3,99,9278,20763,3,16,15,3,5,4,0,1,0
46,669,9,64,9619,13596,1,16,9,3,9,8,4,7,1
26,1479,1,84,6397,26767,1,20,6,6,6,5,1,4,0
39,592,2,54,3646,17181,2,23,11,2,1,0,0,0,1
29,896,18,86,2389,14961,1,13,4,3,4,3,0,1,1
31,1365,13,46,4233,11512,2,17,9,2,3,1,1,2,1
35,619,1,85,4717,18659,9,11,15,2,11,9,6,9,0
30,334,26,52,6696,22967,5,15,9,5,6,3,0,1,1
39,895,5,56,2086,3335,3,14,19,6,1,0,0,0,1
54,1147,3,52,5940,17011,2,14,16,4,6,2,0,5,0
26,1449,16,45,2373,14180,2,13,5,2,3,2,0,2,1
25,599,24,73,1118,8040,1,14,1,4,1,0,1,0,1
59,326,3,48,5171,16490,5,17,13,2,6,1,0,5,0
31,534,20,66,9824,22908,3,12,12,2,1,0,0,0,1
43,1082,27,83,10820,11535,8,11,18,1,8,7,0,1,0
24,381,9,89,3172,16998,2,11,4,2,0,0,0,0,1
45,1316,29,83,3452,9752,5,13,9,2,6,5,0,3,0
26,1330,21,37,2377,19373,1,20,1,0,1,1,0,0,1
19,419,21,37,2121,9947,1,13,1,3,1,0,0,0,1
38,471,12,45,6288,4284,2,15,13,3,4,3,1,2,0
24,693,3,65,4577,24785,9,14,4,3,2,2,2,0,1
41,143,4,56,9355,9558,1,18,8,5,8,7,7,7,1
52,723,8,85,4941,17747,2,15,11,3,8,2,7,7,1
32,267,29,49,2837,15919,1,13,6,3,6,2,4,1,0
36,1105,24,47,5674,6927,7,15,11,3,9,8,0,8,0
41,552,4,60,6430,20794,6,19,10,4,3,2,1,2,0
30,853,7,49,3491,11309,1,13,10,4,10,7,8,9,0
35,1212,8,78,10377,13755,4,11,16,6,13,2,4,12,0
28,791,1,44,2154,6842,0,11,5,2,4,2,0,2,0
38,1189,1,90,4735,9867,7,15,19,4,13,11,2,9,0
50,1421,2,30,17856,9490,2,22,32,3,2,2,2,2,0
35,138,2,37,4425,15986,5,11,10,5,6,2,1,2,0
31,249,6,76,6172,20739,4,18,12,3,7,7,7,7,1
46,377,9,52,10096,15986,4,11,28,1,7,7,4,3,1
39,592,2,54,3646,17181,2,23,11,2,1,0,0,0,1
41,1411,19,36,3072,19877,2,16,17,2,1,0,0,0,0
34,1031,6,45,4505,15000,6,15,12,3,1,0,0,0,0
26,1096,6,61,2544,7102,0,18,8,3,7,7,7,7,0
29,318,8,77,2119,4759,1,11,7,4,7,7,0,7,1
32,1259,2,95,1393,24852,1,12,1,2,1,0,0,0,1
26,652,7,100,3578,23577,0,12,8,2,7,7,0,7,0
29,461,1,70,6294,23060,8,12,10,5,3,2,0,2,0
25,141,3,98,4194,14363,1,18,5,3,5,3,0,3,0
38,723,2,77,5405,4244,2,20,20,4,4,2,0,3,0
58,147,23,94,10312,3465,1,12,40,3,40,10,15,6,1
28,640,1,84,2080,4732,2,11,5,2,3,2,1,2,0
26,471,24,66,2340,23213,1,18,1,3,1,0,0,0,1
53,1084,13,57,4450,26250,1,11,5,3,4,2,1,3,0
32,859,4,98,6162,19124,1,12,14,3,14,13,6,8,0
46,261,21,66,8926,10842,4,22,13,2,9,7,3,7,1
33,1038,8,88,2342,21437,0,19,3,2,2,2,2,2,0
31,1060,1,54,2302,8319,1,11,3,2,3,2,2,2,1
58,147,23,94,10312,3465,1,12,40,3,40,10,15,6,1
52,1490,4,30,16555,10310,2,13,31,2,5,2,1,4,0
35,1204,4,86,9582,10333,0,22,9,2,8,7,4,7,1
33,211,16,74,8564,10092,2,20,11,2,0,0,0,0,1
36,1396,5,62,5914,9945,8,16,16,3,13,11,3,7,0
23,1243,6,63,1601,3445,1,21,1,2,0,0,0,0,1
53,1070,3,45,17584,21016,3,16,21,5,5,3,1,3,0
34,699,6,83,2960,17102,2,11,8,2,4,2,1,3,1
24,1287,7,55,2886,14168,1,16,6,4,6,3,1,2,1
41,1085,2,57,2778,17725,4,13,10,1,7,7,1,0,1
37,728,1,80,13603,11677,2,18,15,2,5,2,0,2,0
38,1490,2,42,1702,12106,1,23,1,3,1,0,0,0,0
31,1222,11,48,2356,14871,3,19,8,2,6,4,0,2,0
29,115,13,51,5765,17485,5,11,7,4,5,3,0,0,1
46,669,9,64,9619,13596,1,16,9,3,9,8,4,7,1
25,688,3,91,4031,9396,5,13,6,5,2,2,0,2,1
41,247,7,55,19973,20284,1,22,21,3,21,16,5,10,0
29,121,27,35,7639,24525,1,22,10,3,10,4,1,9,1
44,1376,1,91,10482,2326,9,14,24,1,20,6,3,6,1
26,991,6,71,2659,17759,1,13,3,2,3,2,0,2,0
56,441,14,72,4963,4510,9,18,7,2,5,4,4,3,1
40,369,8,92,6516,5041,2,16,18,3,1,0,0,0,0
43,982,12,59,14336,4345,1,11,25,3,25,10,3,9,0
31,359,18,89,2956,21495,0,17,2,4,1,0,0,0,1
25,1372,18,93,6232,12477,2,11,6,3,3,2,1,2,0
53,1223,7,50,18606,18640,3,18,26,6,7,7,4,7,0
26,496,11,60,4741,22722,1,13,5,3,5,3,3,3,0
36,1278,8,77,2342,8635,0,21,6,3,5,4,0,3,0
40,299,25,57,9094,17235,2,12,9,2,5,4,1,0,1
40,1329,7,73,2166,3339,3,14,10,3,4,2,0,3,1
34,121,2,86,4381,7530,1,11,6,3,6,5,1,3,0
43,775,15,47,6804,23683,3,18,7,5,2,2,2,2,0
50,562,8,50,6796,23452,3,14,18,4,4,3,1,3,1
34,296,6,33,2351,12253,0,16,3,3,2,2,1,0,1
49,1313,11,80,4507,8191,3,12,8,1,5,1,0,4,0
26,950,4,48,5828,8450,1,12,8,0,8,7,7,4,1
32,334,5,80,3298,15053,0,12,7,5,6,2,0,5,0
35,660,7,76,2404,16192,1,13,1,3,1,0,0,0,0
32,801,1,48,10422,24032,1,19,14,3,14,10,5,7,0
36,469,3,46,3692,9256,1,12,12,2,11,10,0,7,0
33,465,2,39,2707,21509,7,20,13,3,9,7,1,7,1
28,773,6,39,2703,22088,1,14,3,2,3,1,0,2,0
31,330,22,98,6179,21057,1,15,10,3,10,2,6,7,1
46,1003,8,74,4615,21029,8,23,19,2,16,13,1,7,0
35,556,23,50,5916,15497,3,13,8,1,1,0,0,1,1
22,1256,19,80,2323,11992,1,24,2,6,2,2,2,2,0
37,558,2,75,9602,3010,4,11,17,3,3,0,1,0,0
39,443,8,48,3755,17872,1,11,8,3,8,3,0,7,0
40,448,16,84,7945,19948,6,15,18,2,4,2,3,3,0
39,766,20,83,4127,19188,2,18,7,6,2,1,2,2,0
44,1376,1,91,10482,2326,9,14,24,1,20,6,3,6,1
27,1297,5,53,2379,19826,0,14,6,3,5,4,0,2,0
40,1194,2,98,2001,12549,2,14,20,2,5,3,0,2,0
48,626,1,98,5381,19294,9,13,23,2,1,0,0,0,1
39,360,23,93,3904,22154,0,13,6,2,5,2,0,3,1
38,1327,2,39,5249,19682,3,18,13,0,8,7,7,5,0
35,737,10,55,10306,21530,9,17,15,3,13,12,6,0,1
35,1276,16,72,7632,14295,4,12,10,2,8,7,0,0,0
47,1176,26,98,19658,5220,3,11,27,2,5,2,1,0,0
47,719,27,77,6397,10339,4,12,8,2,5,4,1,3,1
35,1361,17,94,8966,21026,3,15,15,2,7,7,1,7,0
18,247,8,80,1904,13556,1,12,0,0,0,0,0,0,1
35,528,8,100,4323,7108,1,17,6,2,5,4,1,4,0
46,261,21,66,8926,10842,4,22,13,2,9,7,3,7,1
33,516,8,69,6388,22049,2,17,14,6,0,0,0,0,0
20,1141,2,31,2783,13251,1,19,2,3,2,2,2,2,0
28,654,1,67,2216,3872,7,13,10,4,7,7,3,7,1
30,1465,1,63,3579,9369,0,21,12,2,11,9,5,7,0
30,334,26,52,6696,22967,5,15,9,5,6,3,0,1,1
32,117,13,73,4403,9250,2,11,8,3,5,2,0,3,0
34,971,1,64,7083,12288,1,14,10,3,10,9,8,6,0
31,667,1,50,1359,16154,1,12,1,3,1,0,0,0,1
18,247,8,80,1904,13556,1,12,0,0,0,0,0,0,1
43,177,8,55,4765,23814,4,21,4,2,1,0,0,0,0
34,665,6,41,4809,12482,1,14,16,3,16,13,2,10,0
52,723,8,85,4941,17747,2,15,11,3,8,2,7,7,1
40,575,22,68,6380,6110,2,12,8,6,6,4,1,0,1
30,317,2,43,6091,24793,2,20,11,2,5,4,0,2,0
39,895,5,56,2086,3335,3,14,19,6,1,0,0,0,1
49,1475,28,97,4284,22710,3,20,20,2,4,3,1,3,1
27,1054,8,67,3445,6152,1,11,6,5,6,2,1,4,0
56,906,6,86,13212,18256,9,11,36,0,7,7,7,7,0
32,1259,2,95,1393,24852,1,12,1,2,1,0,0,0,1
29,232,19,34,4262,22645,4,12,8,2,3,2,1,2,0
50,410,28,39,10854,16586,4,13,20,3,3,2,2,0,1
35,1232,16,96,8020,5100,0,15,12,3,11,9,6,9,0
26,950,4,48,5828,8450,1,12,8,0,8,7,7,4,1
38,833,18,60,5811,24539,3,16,15,2,1,0,1,0,0
30,600,8,66,2180,9732,6,11,6,0,4,2,1,2,1
45,364,25,83,18061,13035,3,22,22,4,0,0,0,0,0
35,384,8,72,2572,20317,1,16,3,1,3,2,0,2,0
58,601,7,53,10008,12023,7,14,31,0,10,9,5,9,1
45,1195,2,65,16792,20462,9,23,22,1,20,8,11,8,0
29,746,24,45,1091,10642,1,17,1,3,1,0,0,0,1
49,174,8,56,13120,11879,6,17,22,3,9,8,2,3,0
33,589,28,79,5207,22949,1,12,15,3,15,14,5,7,0
29,1413,1,42,7918,6599,1,14,11,5,11,10,4,1,0
49,1002,18,92,6804,23793,1,15,7,0,7,7,1,7,0
45,193,6,52,13245,15067,4,14,17,3,0,0,0,0,0
58,390,1,32,5660,17056,2,13,12,2,5,3,1,2,0
22,581,1,63,3375,17624,0,12,4,2,3,2,1,2,0
33,217,10,43,5487,10410,1,14,10,2,10,4,0,9,0
28,1476,16,68,5661,4824,0,19,9,2,8,3,0,7,0
41,143,4,56,9355,9558,1,18,8,5,8,7,7,7,1
40,1184,2,62,4327,25440,5,12,5,2,0,0,0,0,0
31,359,18,89,2956,21495,0,17,2,4,1,0,0,0,1
36,660,15,81,4834,7858,7,14,9,3,1,0,0,0,1
35,1229,8,36,2269,4892,1,19,1,2,1,0,0,1,0
43,589,14,94,17159,5200,6,24,22,3,4,1,1,0,0
36,1218,9,82,3407,6986,7,23,10,4,5,3,0,3,1
40,658,10,67,9705,20652,2,12,11,2,1,0,0,0,0
48,1108,15,65,2367,16530,8,12,10,3,8,2,7,6,0
39,613,6,42,9991,21457,4,15,9,5,7,7,1,7,0
33,587,10,38,3408,6705,7,13,8,2,4,3,1,3,1
21,156,12,90,2716,25422,1,15,1,0,1,0,0,0,1
26,583,4,53,2875,9973,1,20,8,2,8,5,2,2,0
32,827,1,71,2956,15178,1,13,1,2,1,0,0,0,0
50,881,2,98,17924,4544,1,11,31,3,31,6,14,7,0
58,289,2,51,2479,26227,4,24,7,4,1,0,0,0,1
46,1144,7,30,5258,16044,2,14,7,2,1,0,0,0,0
26,1449,16,45,2373,14180,2,13,5,2,3,2,0,2,1
56,310,7,72,2339,3666,8,11,14,4,10,9,9,8,1
25,180,2,65,3424,21632,7,13,6,3,4,3,0,1,0
29,341,1,48,2800,23522,6,19,5,3,3,2,0,2,1
31,616,12,41,5855,17369,0,11,10,2,9,7,8,5,0
26,920,20,69,2148,6889,0,11,6,3,5,1,1,4,1
30,829,1,88,8474,20925,1,22,12,2,11,8,5,8,0
55,685,26,60,19586,23037,1,21,36,3,36,6,2,13,0
33,867,8,90,3143,6076,6,19,14,1,10,8,7,6,0
58,147,23,94,10312,3465,1,12,40,3,40,10,15,6,1
24,1287,7,55,2886,14168,1,16,6,4,6,3,1,2,1
51,632,21,71,5441,8423,0,22,11,2,10,7,1,0,0
35,1258,1,40,2506,13301,3,13,7,0,2,2,2,2,0
44,625,4,50,5933,5197,9,12,10,2,5,2,2,3,0
51,1323,4,34,2461,10332,9,12,18,2,10,0,2,7,1
39,1162,3,41,5238,17778,4,18,12,3,1,0,0,0,1
20,769,9,54,2323,17205,1,14,2,3,2,2,0,2,1
36,922,3,39,2835,2561,5,22,7,2,1,0,0,0,0
33,1076,3,70,3348,3164,1,11,10,3,10,8,9,7,1
41,1360,12,49,19545,16280,1,12,23,0,22,15,15,8,1
50,1046,10,100,10496,2755,6,15,20,2,4,3,1,3,0
30,1398,22,69,8412,2890,0,11,10,3,9,8,7,8,0
35,130,25,96,2022,16612,1,19,10,3,10,2,7,8,1
32,1125,16,72,3919,4681,1,22,10,5,10,2,6,7,1
48,626,1,98,5381,19294,9,13,23,2,1,0,0,0,1
25,1219,4,32,3691,4605,1,15,7,3,7,7,5,6,1
31,525,6,66,5460,6219,4,22,13,4,7,7,5,7,0
26,775,29,45,4306,4267,5,12,8,5,0,0,0,0,0
25,622,13,40,2096,26376,1,11,7,1,7,4,0,6,0
44,935,3,89,2362,14669,4,12,10,4,3,2,1,2,1
30,793,16,33,2862,3811,1,12,10,2,10,0,0,8,0
45,336,26,52,4385,24162,1,15,10,2,10,7,4,5,0
32,1373,5,56,9679,10138,8,24,8,1,1,0,0,0,0
56,1443,11,89,5380,20328,4,16,6,3,0,0,0,0,0
35,1225,2,61,5093,4761,2,11,16,2,1,0,0,0,0
39,360,23,93,3904,22154,0,13,6,2,5,2,0,3,1
40,118,14,84,4639,11262,1,15,5,2,5,4,1,2,0
28,1404,17,32,2367,18779,5,12,6,2,4,1,0,3,1
18,1431,14,33,1514,8018,1,16,0,4,0,0,0,0,0
33,587,10,38,3408,6705,7,13,8,2,4,3,1,3,1
24,1127,18,52,2774,13257,0,12,6,2,5,3,1,2,0
34,1303,2,62,2768,8416,3,12,14,3,7,3,5,7,0
33,553,5,74,11878,23364,6,11,12,2,10,6,8,8,0
33,922,1,95,16184,22578,4,19,10,2,6,1,0,5,0
31,182,8,93,16422,8847,3,11,9,3,3,2,1,0,0
27,728,23,36,3540,7018,1,21,9,5,9,8,5,8,0
43,807,17,38,2437,15587,9,16,6,4,1,0,0,0,1
39,592,2,54,3646,17181,2,23,11,2,1,0,0,0,1
27,608,1,68,7412,6009,1,11,9,3,9,7,0,7,0
31,754,26,63,5617,21075,1,11,10,4,10,7,0,8,1
47,217,3,49,13770,10225,9,12,28,2,22,2,11,13,0
22,1256,3,48,2853,4223,0,11,1,5,0,0,0,0,1
28,654,1,67,2216,3872,7,13,10,4,7,7,3,7,1
28,580,27,39,4877,20460,0,21,6,5,5,3,0,0,0
42,179,2,79,6272,12858,7,16,10,3,4,3,0,3,0
36,559,12,76,4663,12421,9,12,7,2,3,2,1,1,0
29,350,13,56,2335,3157,4,15,4,3,2,2,2,0,1
20,727,9,54,2728,21082,1,11,2,3,2,2,0,2,0
28,1366,24,72,8722,12355,1,12,10,2,10,7,1,9,1
27,1377,11,91,2099,7679,0,14,6,3,5,0,1,4,0
29,115,13,51,5765,17485,5,11,7,4,5,3,0,0,1
37,1192,5,61,6347,23177,7,16,8,2,6,2,0,4,0
30,1334,4,63,5209,19760,1,12,11,4,11,8,2,7,0
29,806,1,76,2720,18959,1,18,10,5,10,7,2,8,0
20,1097,11,98,2600,18275,1,15,1,2,1,0,0,0,1
41,1018,1,66,4103,4297,0,17,10,2,9,3,1,7,0
31,249,6,76,6172,20739,4,18,12,3,7,7,7,7,1
19,303,2,47,1102,9241,1,22,1,3,1,0,1,0,1
41,1102,1,94,5993,19479,8,11,8,0,6,4,0,5,1
31,741,2,69,3477,18103,1,14,6,2,5,2,0,3,0
27,443,3,50,1706,16571,1,11,0,6,0,0,0,0,0
19,528,22,50,1675,26820,1,19,0,2,0,0,0,0,1
36,1351,26,80,5347,7419,6,14,10,2,3,2,0,2,0
35,130,25,96,2022,16612,1,19,10,3,10,2,7,8,1
29,694,1,87,16124,3423,3,14,9,2,7,7,1,7,0
29,1283,23,54,2201,18168,9,16,6,4,3,2,1,2,0
44,1376,1,91,10482,2326,9,14,24,1,20,6,3,6,1
30,448,12,74,2033,14470,1,18,1,2,1,0,0,0,1
37,1225,10,80,4680,15232,3,17,4,2,1,0,0,0,0
29,459,24,73,2439,14753,1,24,1,3,1,0,1,0,1
34,234,9,93,5346,6208,4,17,11,3,7,1,0,7,1
36,530,3,51,10325,5518,1,11,16,6,16,7,3,7,1
44,1117,2,72,2011,19982,1,13,10,5,10,5,7,7,0
48,117,22,58,17174,2437,3,11,24,3,22,17,4,7,0
24,567,2,32,3760,17218,1,13,6,2,6,3,1,3,0
45,1234,11,90,17650,5404,3,13,26,4,9,3,1,1,0
31,1188,20,45,6932,24406,1,13,9,2,9,8,0,0,0
25,1280,7,64,2889,26897,1,11,2,2,2,2,2,1,0
42,933,19,57,2759,20366,6,12,7,2,2,2,2,2,1
33,603,9,77,8224,18385,0,17,6,3,5,2,0,3,1
36,885,16,43,2743,8269,1,16,18,1,17,13,15,14,1
23,427,7,99,2275,25103,1,21,3,2,3,2,0,2,1
31,202,8,34,1261,22262,1,12,1,3,1,0,0,0,1
28,440,21,42,2713,6672,1,11,5,2,5,2,0,2,0
40,1395,26,54,5605,8504,1,11,20,2,20,7,2,13,0
30,464,4,40,2285,3427,9,23,3,4,1,0,0,0,1
35,944,1,92,8789,9096,1,14,10,3,10,7,0,8,0
34,658,7,66,6074,22887,1,24,9,3,9,7,0,6,1
31,471,4,62,3978,16031,8,12,4,0,2,2,2,2,0
40,898,6,38,16437,17381,1,21,21,2,21,7,7,7,0
30,109,5,60,2422,25725,0,17,4,3,3,2,1,2,1
38,437,16,90,4198,16379,2,12,8,5,3,2,1,2,0
36,172,4,37,5810,22604,1,16,10,2,10,4,1,8,0
29,224,1,100,2362,7568,6,13,11,2,9,7,0,7,1
36,132,6,55,3038,22002,3,12,5,3,1,0,0,0,0
50,959,1,81,4728,17251,3,14,5,4,0,0,0,0,1
30,109,5,60,2422,25725,0,17,4,3,3,2,1,2,1
37,807,6,63,2073,23648,4,22,7,3,3,2,0,2,1
40,300,26,74,8396,22217,1,14,8,3,7,7,7,5,0
32,515,1,62,3730,9571,0,14,4,2,3,2,1,2,1
28,1475,13,84,9854,23352,3,11,6,0,2,0,2,2,1
32,529,2,78,2439,11288,1,14,4,4,4,2,1,2,0
36,885,16,43,2743,8269,1,16,18,1,17,13,15,14,1
55,267,13,85,13695,9277,6,17,24,2,19,7,3,8,1
35,130,25,96,2022,16612,1,19,10,3,10,2,7,8,1
38,119,3,76,10609,9647,0,12,17,6,16,10,5,13,0
30,138,22,48,2132,11539,4,11,7,2,5,2,0,1,1
49,1475,28,97,4284,22710,3,20,20,2,4,3,1,3,1
31,330,22,98,6179,21057,1,15,10,3,10,2,6,7,1
54,142,26,30,17328,13871,2,12,23,3,5,3,4,4,0
30,1427,2,35,2720,11162,0,13,6,3,5,3,1,2,0
50,959,1,81,4728,17251,3,14,5,4,0,0,0,0,1
47,1454,2,65,3294,13137,1,18,3,3,3,2,1,2,0
43,1179,2,73,7847,6069,1,17,10,3,10,9,8,8,0
33,750,22,95,6146,15480,0,13,8,2,7,7,0,7,0
47,1093,9,82,12936,24164,7,11,25,3,23,5,14,10,1
32,824,5,67,5878,15624,3,12,12,2,7,1,2,5,0
29,136,1,89,5373,6225,0,12,6,5,5,3,0,2,0
40,1171,10,46,2213,22495,3,13,10,3,7,7,1,7,0
49,301,22,72,16413,3498,3,16,27,2,4,2,1,2,0
31,1274,9,33,10648,14394,1,25,13,6,13,8,0,8,0
29,906,10,92,2404,11479,6,20,3,5,0,0,0,0,1
24,1287,7,55,2886,14168,1,16,6,4,6,3,1,2,1
26,1349,23,90,2886,3032,1,22,3,3,3,2,0,2,0
55,135,18,62,6385,12992,3,14,17,3,8,7,6,7,0
22,1256,3,48,2853,4223,0,11,1,5,0,0,0,0,1
52,1030,5,64,8446,21534,9,19,10,2,8,7,7,7,1
55,692,14,61,18722,13339,8,11,36,3,24,15,2,15,0
47,1225,2,47,15972,21086,6,14,29,2,3,2,1,2,0
52,1323,2,89,3212,3300,7,15,6,3,2,2,2,2,0
36,1434,8,76,7587,14229,1,15,10,1,10,7,0,9,0
40,1151,9,63,4876,14242,9,14,5,5,3,2,0,2,0
35,750,28,46,3407,25348,1,17,10,3,10,9,6,8,0
24,1206,17,41,4377,24117,1,15,5,6,4,2,3,2,0
26,342,2,57,2042,15346,6,14,6,2,3,2,1,2,1
22,1136,5,60,2328,12392,1,16,4,2,4,2,2,2,0
28,1181,1,82,2044,5531,1,11,5,6,5,3,0,3,0
31,703,2,90,2785,11882,7,14,3,3,1,0,0,0,1
38,1035,3,42,6861,4981,8,12,19,1,1,0,0,0,0
35,1142,23,30,4014,16002,3,15,4,3,2,2,2,2,0
54,821,5,86,19406,8509,4,11,24,4,4,2,1,2,0
41,1102,1,94,5993,19479,8,11,8,0,6,4,0,5,1
31,1060,1,54,2302,8319,1,11,3,2,3,2,2,2,1
24,350,21,57,2296,10036,0,14,2,3,1,1,0,0,0
33,1242,8,46,6392,10589,2,13,8,6,2,2,2,2,0
26,1384,3,82,4420,13421,1,22,8,2,8,7,0,7,0
28,821,5,98,4908,24252,1,14,4,3,4,2,0,2,0
58,286,2,31,19246,25761,7,12,40,2,31,15,13,8,1
46,377,9,52,10096,15986,4,11,28,1,7,7,4,3,1
26,426,17,58,2741,22808,0,11,8,2,7,7,1,0,1
50,878,1,94,6728,14255,7,12,12,3,6,3,0,1,1
35,763,15,59,5440,22098,6,14,7,2,2,2,2,2,1
37,1439,4,54,2996,5182,7,15,8,2,6,4,1,3,0
36,885,16,43,2743,8269,1,16,18,1,17,13,15,14,1
40,676,9,86,2018,21831,3,14,15,3,5,4,1,0,1
28,995,9,77,2377,9834,5,18,6,2,2,2,2,2,0
19,265,25,57,2994,21221,1,12,1,2,1,0,0,1,0
40,1416,2,49,19436,5949,0,19,22,5,21,7,3,9,0
31,1332,11,80,6833,17089,1,12,6,2,6,5,0,1,0
37,408,19,73,3022,10227,4,21,8,1,1,0,0,0,0
20,805,3,87,3033,12828,1,12,2,2,2,2,1,2,0
41,918,6,35,9241,15869,1,12,10,3,10,8,8,7,0
50,959,1,81,4728,17251,3,14,5,4,0,0,0,0,1
38,1495,4,87,3306,26176,7,19,7,5,0,0,0,0,0
36,885,16,43,2743,8269,1,16,18,1,17,13,15,14,1
34,1130,3,66,5433,19332,1,12,11,2,11,8,7,9,0
18,230,3,54,1420,25233,1,13,0,2,0,0,0,0,1
34,967,16,85,2307,14460,1,23,5,2,5,2,3,0,1
31,330,22,98,6179,21057,1,15,10,3,10,2,6,7,1
32,1089,7,79,4883,22845,1,18,10,3,10,4,1,1,1
40,1469,9,35,3617,25063,8,14,3,2,1,1,0,0,0
25,599,24,73,1118,8040,1,14,1,4,1,0,1,0,1
31,1060,1,54,2302,8319,1,11,3,2,3,2,2,2,1
29,1010,1,97,3760,5598,1,15,3,5,3,2,1,2,0
29,468,28,73,3785,8489,1,14,5,3,5,4,0,4,0
29,805,1,36,2319,6689,1,11,1,1,1,0,0,0,1
30,334,26,52,6696,22967,5,15,9,5,6,3,0,1,1
18,1124,1,97,1611,19305,1,15,0,5,0,0,0,0,0
30,721,1,58,4011,10781,1,23,12,2,12,8,3,7,0
19,602,1,100,2325,20989,0,21,1,5,0,0,0,0,1
36,541,3,48,9699,7246,4,11,16,2,13,9,1,12,0
48,708,7,95,2655,11740,2,11,19,3,9,7,7,7,1
45,248,23,42,3633,14039,1,15,9,2,9,8,0,8,0
51,1318,26,66,16307,5594,2,14,29,2,20,6,4,17,0
37,1462,11,94,3629,19106,4,18,8,6,3,2,0,2,0
41,337,8,54,4393,26841,5,21,14,3,5,4,1,4,0
32,374,25,87,2795,18016,1,24,1,2,1,0,0,1,1
36,530,3,51,10325,5518,1,11,16,6,16,7,3,7,1
29,726,29,93,6384,21143,8,17,11,3,7,0,1,6,0
31,1003,5,51,8346,20943,1,19,6,3,5,2,0,2,0
20,769,9,54,2323,17205,1,14,2,3,2,2,0,2,1
24,897,10,59,2145,2097,0,14,3,2,2,2,2,1,0
41,1085,2,57,2778,17725,4,13,10,1,7,7,1,0,1
32,1018,2,74,5055,10557,7,16,10,0,7,7,0,7,0
36,1213,2,94,3886,4223,1,21,10,2,10,1,0,8,0
55,1229,4,30,4035,16143,0,16,4,2,3,2,1,2,0
20,1097,11,98,2600,18275,1,15,1,2,1,0,0,0,1
33,465,2,39,2707,21509,7,20,13,3,9,7,1,7,1
39,408,2,80,4553,20978,1,11,20,4,20,7,11,10,0
40,1094,28,58,10932,11373,3,15,20,2,1,0,0,1,0
35,464,4,75,1951,10910,1,12,1,3,1,0,0,0,0
36,913,9,48,8847,13934,2,11,13,2,3,2,0,2,0
50,989,7,43,18740,16701,5,12,29,2,27,3,13,8,0
42,269,2,56,2593,8007,0,11,10,4,9,6,7,8,0
25,1219,4,32,3691,4605,1,15,7,3,7,7,5,6,1
28,1485,12,79,2515,22955,1,11,1,4,1,1,0,0,1
18,230,3,54,1420,25233,1,13,0,2,0,0,0,0,1
34,699,6,83,2960,17102,2,11,8,2,4,2,1,3,1
56,310,7,72,2339,3666,8,11,14,4,10,9,9,8,1
40,989,4,46,19033,6499,1,14,21,2,20,8,9,9,0
46,1277,2,74,10368,5596,4,12,13,5,10,6,0,3,0
46,1125,10,94,9071,11563,2,19,15,3,3,2,1,2,0
54,971,1,54,17328,5652,6,19,29,3,20,7,12,7,0
32,1125,16,72,3919,4681,1,22,10,5,10,2,6,7,1
42,300,2,56,18880,17312,5,11,24,2,22,6,4,14,0
18,247,8,80,1904,13556,1,12,0,0,0,0,0,0,1
58,601,7,53,10008,12023,7,14,31,0,10,9,5,9,1
41,796,4,81,10447,26458,0,13,23,3,22,14,13,5,0
37,367,25,52,5731,17171,7,13,9,2,6,2,1,3,0
42,1265,3,95,5231,23726,2,13,17,1,5,3,1,3,0
32,234,1,68,2269,18024,0,14,3,2,2,2,2,2,0
25,675,5,85,4000,18384,1,12,6,2,6,3,1,5,0
31,1365,13,46,4233,11512,2,17,9,2,3,1,1,2,1
36,796,12,51,8858,15669,0,11,15,2,14,8,7,8,0
23,1243,6,63,1601,3445,1,21,1,2,0,0,0,0,1
50,333,22,88,14411,24450,1,13,32,2,32,6,13,9,0
19,489,2,52,2564,18437,1,12,1,3,1,0,0,0,1
29,318,8,77,2119,4759,1,11,7,4,7,7,0,7,1
26,703,28,66,6272,7428,1,20,6,5,5,3,1,4,0
34,426,10,42,4724,17000,1,13,9,3,9,7,7,2,0
53,661,1,60,12965,22308,4,20,27,2,3,2,0,2,0
55,436,2,37,5160,21519,4,16,12,3,9,7,7,3,1
38,1180,29,70,6673,11354,7,19,17,2,1,0,0,0,1
29,806,7,39,3339,17285,3,13,10,2,7,7,7,7,1
50,1322,28,43,16880,22422,4,11,25,2,3,2,1,2,0
35,1199,18,80,5689,24594,1,14,10,2,10,2,0,2,0
36,1041,13,36,2143,25527,4,13,8,2,5,2,0,4,0
56,1162,24,97,2587,10261,1,16,5,3,4,2,1,0,1
31,1060,1,54,2302,8319,1,11,3,2,3,2,2,2,1
21,984,1,70,2070,25326,1,11,2,6,2,2,2,2,0
24,813,1,61,2293,3020,2,16,6,2,2,0,2,0,1
46,261,21,66,8926,10842,4,22,13,2,9,7,3,7,1
56,1400,7,49,7260,21698,4,11,37,3,6,4,0,2,0
32,689,9,35,4668,22812,0,17,9,2,8,7,0,7,0
53,102,23,72,14275,20206,6,18,33,0,12,9,3,8,0
35,727,3,41,1281,16900,1,18,1,3,1,0,0,0,0
40,896,2,68,2345,8045,2,14,8,3,3,1,1,2,0
26,920,20,69,2148,6889,0,11,6,3,5,1,1,4,1
34,829,15,71,17007,11929,7,14,16,3,14,8,6,9,0
39,895,5,56,2086,3335,3,14,19,6,1,0,0,0,1
54,157,10,77,4440,25198,6,19,9,3,5,2,1,4,0
55,436,2,37,5160,21519,4,16,12,3,9,7,7,3,1
33,813,14,58,2436,22149,5,13,8,2,5,4,0,4,1
24,1287,7,55,2886,14168,1,16,6,4,6,3,1,2,1
33,970,7,30,4302,13401,0,17,4,3,3,2,0,2,0
27,975,7,55,6811,23398,8,19,9,2,7,6,0,7,0
50,854,1,68,19517,24118,3,11,32,3,7,0,0,6,0
45,1449,2,94,18824,2493,2,16,26,2,24,10,1,11,1
29,1107,28,93,2514,26968,4,22,11,1,7,5,1,7,0
33,586,1,48,4037,21816,1,22,9,5,9,8,0,8,0
40,593,9,88,13499,13782,9,17,20,3,18,7,2,13,0
41,933,9,94,2238,6961,2,21,7,2,5,0,1,4,0
42,933,29,98,4434,11806,1,13,10,3,9,8,7,8,0
27,1277,8,87,4621,5869,1,19,3,4,3,2,1,2,0
52,266,2,57,19845,25846,1,15,33,3,32,14,6,9,1
34,618,3,45,7756,22266,0,17,7,1,6,2,0,4,0
39,711,4,81,5042,3140,0,13,10,2,9,2,3,8,0
36,845,1,45,6653,15276,4,15,7,6,1,0,0,0,0
20,959,1,83,2836,11757,1,13,1,0,1,0,0,0,0
31,667,1,50,1359,16154,1,12,1,3,1,0,0,0,1
33,1099,4,82,3838,8192,8,11,8,5,5,4,0,2,0
35,890,2,97,2014,9687,1,13,2,3,2,2,2,2,0
31,542,20,71,4559,24788,3,11,4,2,2,2,2,2,1
31,249,6,76,6172,20739,4,18,12,3,7,7,7,7,1
29,590,4,91,2109,10007,1,13,1,2,1,0,0,0,0
20,500,2,49,2044,22052,1,13,2,3,2,2,0,2,1
43,1273,2,72,2645,21923,1,12,6,3,5,3,1,4,0
52,715,19,41,4258,26589,0,18,5,3,4,3,1,2,0
54,1441,17,56,10739,13943,8,11,22,2,10,7,0,8,0
52,771,2,79,19068,21030,1,18,33,2,33,7,15,12,0
35,1204,4,86,9582,10333,0,22,9,2,8,7,4,7,1
21,156,12,90,2716,25422,1,15,1,0,1,0,0,0,1
41,267,10,56,6230,13430,7,14,16,3,14,3,1,10,0
36,557,3,94,7644,12695,0,19,10,2,9,7,3,4,0
39,895,5,56,2086,3335,3,14,19,6,1,0,0,0,1
28,1117,8,66,3310,4488,1,21,5,3,5,3,0,2,0
28,1475,13,84,9854,23352,3,11,6,0,2,0,2,2,1
46,705,2,83,18947,22822,3,12,22,2,2,2,2,1,0
21,337,7,31,2679,4567,1,13,1,3,1,0,1,0,1
38,268,2,92,3057,20471,6,13,6,0,1,0,0,1,0
38,1245,14,80,9924,12355,0,11,10,3,9,8,7,7,0
39,466,1,65,12742,7060,1,16,21,3,21,6,11,8,0
19,303,2,47,1102,9241,1,22,1,3,1,0,1,0,1
30,911,1,76,3748,4077,1,13,12,6,12,8,1,7,0
32,1474,11,60,4707,23914,8,12,6,2,4,2,1,2,1
32,379,5,48,6524,8891,1,14,10,3,10,8,5,3,0
42,933,19,57,2759,20366,6,12,7,2,2,2,2,2,1
56,310,7,72,2339,3666,8,11,14,4,10,9,9,8,1
19,504,10,96,1859,6148,1,25,1,2,1,1,0,0,1
58,289,2,51,2479,26227,4,24,7,4,1,0,0,0,1
21,756,1,99,2174,9150,1,11,3,3,3,2,1,2,1
44,621,15,73,7978,14075,1,11,10,2,10,7,0,5,1
55,1441,22,94,3537,23737,5,12,8,1,4,2,1,2,0
47,1309,4,99,2976,25751,3,19,5,3,0,0,0,0,0
34,1375,10,87,4001,12313,1,14,15,3,15,14,0,7,0
44,935,3,89,2362,14669,4,12,10,4,3,2,1,2,1
45,1015,5,50,5769,23447,1,14,10,3,10,7,1,4,0
44,981,5,90,3162,7973,3,14,7,5,5,2,0,3,0
28,1485,12,79,2515,22955,1,11,1,4,1,1,0,0,1
31,408,9,42,2657,7551,0,16,3,5,2,2,2,2,0
54,397,19,88,10725,6729,2,15,16,1,9,7,7,1,0
29,1176,3,62,5561,3487,1,14,6,5,6,0,1,2,0
55,1311,2,97,16659,23258,2,13,30,2,5,4,1,2,0
46,669,9,64,9619,13596,1,16,9,3,9,8,4,7,1
20,1362,10,32,1009,26999,1,11,1,5,1,0,1,1,1
22,534,15,59,2871,23785,1,15,1,5,0,0,0,0,0
33,147,2,99,3600,8429,1,13,5,2,5,4,1,4,0
50,813,17,50,13269,21981,5,15,19,3,14,11,1,11,0
45,1339,7,59,9724,18787,2,17,25,2,1,0,0,0,0
38,1394,8,58,2133,18115,1,16,20,3,20,11,0,7,0
53,607,2,78,10169,14618,0,16,34,4,33,7,1,9,1
37,1107,14,95,3034,26914,1,12,18,2,18,7,12,17,0
57,405,1,93,4900,2721,0,24,13,2,12,9,2,8,0
35,1137,21,51,4014,19170,1,25,10,2,10,6,0,7,0
55,189,26,71,19636,25811,4,18,35,0,10,9,1,4,0
51,1323,4,34,2461,10332,9,12,18,2,10,0,2,7,1
39,1498,21,44,6120,3567,3,12,8,2,5,4,1,4,0
22,1123,16,96,2935,7324,1,13,1,2,1,0,0,0,0
23,427,7,99,2275,25103,1,21,3,2,3,2,0,2,1
52,319,3,39,7969,19609,2,14,28,4,5,4,0,4,0
49,465,6,41,13966,11652,2,19,30,3,15,11,2,12,0
28,866,5,84,8463,23490,0,18,6,4,5,4,1,3,0
38,148,2,42,2440,23826,1,22,4,3,4,3,3,3,0
18,230,3,54,1420,25233,1,13,0,2,0,0,0,0,1
30,448,12,74,2033,14470,1,18,1,2,1,0,0,0,1
28,289,2,38,2561,5355,7,11,8,2,0,0,0,0,1
26,426,17,58,2741,22808,0,11,8,2,7,7,1,0,1
40,575,22,68,6380,6110,2,12,8,6,6,4,1,0,1
27,1337,22,58,2863,19555,1,12,1,2,1,0,0,0,1
56,310,7,72,2339,3666,8,11,14,4,10,9,9,8,1
32,964,1,34,6735,12147,6,15,10,2,0,0,0,0,1
33,1076,3,70,3348,3164,1,11,10,3,10,8,9,7,1
29,806,7,39,3339,17285,3,13,10,2,7,7,7,7,1
37,290,21,65,3564,22977,1,12,8,3,8,7,1,7,0
31,330,22,98,6179,21057,1,15,10,3,10,2,6,7,1
52,258,8,54,2950,17363,9,13,12,2,5,4,0,4,0
36,1456,13,96,6134,8658,5,13,16,3,2,2,2,2,1
31,534,20,66,9824,22908,3,12,12,2,1,0,0,0,1
34,669,1,97,5343,25755,0,20,14,3,13,9,4,9,0
22,391,7,75,2472,26092,1,23,1,2,1,0,0,0,1
30,448,12,74,2033,14470,1,18,1,2,1,0,0,0,1
26,1330,21,37,2377,19373,1,20,1,0,1,1,0,0,1
25,1356,10,57,4950,20623,0,14,5,4,4,3,1,1,0
30,1275,28,64,5775,11934,1,13,11,2,10,8,1,9,0
33,1303,7,36,5968,18079,1,20,9,2,9,7,2,8,0
23,977,10,45,2073,12826,2,16,4,2,2,2,2,2,0
55,725,2,78,19859,21199,5,13,24,2,5,2,1,4,1
41,314,1,59,19189,19562,1,12,22,3,22,7,2,10,0
40,759,2,46,5715,22553,7,12,8,5,5,4,1,3,0
32,1259,2,95,1393,24852,1,12,1,2,1,0,0,0,1
53,447,2,39,16598,19764,4,12,35,2,9,8,8,8,0
26,1355,25,61,2942,8916,1,23,8,3,8,7,5,7,0
33,813,14,58,2436,22149,5,13,8,2,5,4,0,4,1
34,1107,9,52,2742,3072,1,15,2,0,2,2,2,2,1
39,1132,1,48,9613,10942,0,17,19,5,18,10,3,7,0
34,182,1,72,3280,13551,2,16,10,2,4,2,1,3,0
52,890,25,81,13826,19028,3,22,31,3,9,8,0,0,0
28,1434,5,50,3441,11179,1,13,2,3,2,2,2,2,1
31,534,20,66,9824,22908,3,12,12,2,1,0,0,0,1
37,1063,25,72,4449,23866,3,15,15,2,13,11,10,7,0
38,849,25,81,12061,26707,3,17,19,2,10,8,0,1,0
36,1403,6,47,3210,20251,0,11,16,4,15,13,10,11,0
39,170,3,76,3069,10302,0,15,11,3,10,8,0,7,0
29,805,1,36,2319,6689,1,11,1,1,1,0,0,0,1
42,916,17,82,6545,23016,3,13,10,1,3,2,0,2,0
58,1216,15,87,15787,21624,2,14,23,3,2,2,2,2,0
39,1218,1,52,19197,8213,1,14,21,3,21,8,1,6,0
33,1111,5,61,9998,19293,6,13,8,2,5,4,1,2,0
28,1172,3,78,2856,3692,1,19,1,3,1,0,0,0,0
26,575,3,73,3102,6582,0,22,7,2,6,4,0,4,1
30,852,10,72,6578,2706,1,18,10,3,10,3,1,4,0
31,691,7,73,7547,7143,4,12,13,3,7,7,1,7,0
36,530,3,51,10325,5518,1,11,16,6,16,7,3,7,1
29,442,2,44,4554,20260,1,18,10,3,10,7,0,9,0
19,602,1,100,2325,20989,0,21,1,5,0,0,0,0,1
41,1360,12,49,19545,16280,1,12,23,0,22,15,15,8,1
35,982,1,58,2258,16340,6,12,10,2,8,0,1,7,0
22,604,6,69,2773,12145,0,20,3,3,2,2,2,2,0
25,383,9,68,4400,15182,3,12,6,2,3,2,2,2,1
39,1122,6,70,2404,4303,7,21,8,2,2,2,2,2,1
20,1362,10,32,1009,26999,1,11,1,5,1,0,1,1,1
41,143,4,56,9355,9558,1,18,8,5,8,7,7,7,1
37,370,10,58,4213,4992,1,15,10,4,10,3,0,8,1
27,486,8,86,3517,22490,7,17,5,0,3,2,0,2,0
41,802,9,96,8189,21196,3,13,12,2,9,7,0,7,0
22,217,8,94,2451,6881,1,15,4,3,4,3,1,1,0
56,1162,24,97,2587,10261,1,16,5,3,4,2,1,0,1
35,583,25,57,10388,6975,1,11,16,3,16,10,10,1,0
25,383,9,68,4400,15182,3,12,6,2,3,2,2,2,1
52,266,2,57,19845,25846,1,15,33,3,32,14,6,9,1
33,1313,1,59,2008,20439,1,12,1,2,1,1,0,0,0
47,207,9,64,2105,5411,4,12,7,2,2,2,2,0,0
24,813,1,61,2293,3020,2,16,6,2,2,0,2,0,1
54,928,20,31,4869,16885,3,12,20,4,4,3,0,3,0
58,601,7,53,10008,12023,7,14,31,0,10,9,5,9,1
45,1457,7,83,4477,20100,4,19,7,2,3,2,0,2,0
32,300,1,61,2314,9148,0,12,4,2,3,0,0,2,0
58,601,7,53,10008,12023,7,14,31,0,10,9,5,9,1
34,234,9,93,5346,6208,4,17,11,3,7,1,0,7,1
35,1214,1,30,2859,26278,1,18,6,3,6,4,0,4,0
47,1169,14,64,5467,2125,8,18,16,4,8,7,1,7,0
33,827,1,84,5488,20161,1,13,6,2,6,5,1,2,0
50,691,2,64,17639,6881,5,16,30,3,4,3,0,3,0
25,1219,4,32,3691,4605,1,15,7,3,7,7,5,6,1
31,1365,13,46,4233,11512,2,17,9,2,3,1,1,2,1
34,697,3,40,2979,22478,3,17,6,2,0,0,0,0,0
26,920,20,69,2148,6889,0,11,6,3,5,1,1,4,1
52,723,8,85,4941,17747,2,15,11,3,8,2,7,7,1
21,251,10,45,2625,25308,1,20,2,2,2,2,2,2,1
36,301,15,88,5406,10436,1,24,15,4,15,12,11,11,0
37,1141,11,61,4777,14382,5,15,15,2,1,0,0,0,1
29,592,7,59,2062,19384,3,14,11,2,3,2,1,2,0
39,1122,6,70,2404,4303,7,21,8,2,2,2,2,2,1
34,204,14,31,2579,2912,1,18,8,3,8,2,0,6,0
37,504,10,61,10048,22573,6,11,17,5,1,0,0,0,1
42,1147,10,31,16799,16616,0,14,21,5,20,7,0,9,0
30,111,9,66,3072,11012,1,11,12,4,12,9,6,10,0
44,528,1,44,3195,4167,4,18,8,2,2,2,2,2,0
32,1184,1,70,2332,3974,6,20,5,3,3,0,0,2,0
44,1097,10,96,2936,10826,1,11,6,4,6,4,0,2,1
47,1093,9,82,12936,24164,7,11,25,3,23,5,14,10,1
32,1093,6,87,5010,24301,1,16,12,0,11,8,5,7,0
29,428,9,52,2760,14630,1,13,2,3,2,2,2,2,1
27,994,8,37,8726,2975,1,15,9,0,9,8,1,7,0
20,1097,11,98,2600,18275,1,15,1,2,1,0,0,0,1
36,530,3,51,10325,5518,1,11,16,6,16,7,3,7,1
31,1112,5,67,5476,22589,1,11,10,2,10,0,0,2,0
31,480,7,31,4306,4156,1,12,13,5,13,10,3,12,0
34,254,1,83,3622,22794,1,13,6,3,6,5,1,3,0
36,884,23,41,2571,12290,4,17,17,3,5,2,0,3,0
29,1389,21,51,9980,10195,1,11,10,1,10,9,8,8,0
35,1219,18,86,4601,6179,1,16,5,3,5,2,1,0,0
43,244,2,97,3539,5033,0,13,10,5,9,7,1,8,0
35,682,18,71,5561,15975,0,16,6,2,5,3,0,4,0
28,1157,2,84,3464,24737,5,13,5,4,3,2,2,2,1
27,1377,2,74,4478,5242,1,11,5,3,5,4,0,4,0
18,544,3,70,1569,18420,1,12,0,2,0,0,0,0,1
22,1256,3,48,2853,4223,0,11,1,5,0,0,0,0,1
44,621,15,73,7978,14075,1,11,10,2,10,7,0,5,1
22,617,3,34,4171,10022,0,19,4,3,3,2,0,2,1
34,1333,10,87,2220,18410,1,19,1,2,1,1,0,0,0
26,157,1,95,2867,20006,0,13,8,6,7,7,7,6,0
27,1103,14,42,2235,14377,1,14,9,3,9,7,6,8,0
50,145,1,95,6347,24920,0,12,19,3,18,7,0,13,0
30,231,8,62,7264,9977,5,11,10,2,8,4,7,7,0
27,793,2,43,5071,20392,3,20,8,3,6,2,0,0,0
36,1040,3,79,6842,26308,6,20,13,3,5,4,0,4,0
45,1448,29,55,9380,14720,4,18,10,4,3,1,1,2,0
45,374,20,50,4850,23333,8,15,8,3,5,3,0,1,0
60,1179,16,84,5405,11924,8,14,10,1,2,2,2,2,0
41,1276,2,91,16595,5626,7,16,22,2,18,16,11,8,0
47,1001,4,92,10333,19271,8,12,28,4,22,11,14,10,0
44,661,9,61,2559,7508,1,13,8,0,8,7,7,1,0
51,684,6,51,19537,6462,7,13,23,5,20,18,15,15,0
24,381,9,89,3172,16998,2,11,4,2,0,0,0,0,1
52,723,8,85,4941,17747,2,15,11,3,8,2,7,7,1
36,1299,27,94,5237,16577,6,13,17,3,7,7,7,7,0
42,335,23,37,4332,14811,1,12,20,2,20,9,3,7,0
29,408,25,71,2546,18300,5,16,6,2,2,2,1,1,1
26,471,24,66,2340,23213,1,18,1,3,1,0,0,0,1
30,1339,5,41,9419,8053,2,12,12,2,10,9,7,4,0
31,307,29,71,3479,11652,0,11,6,2,5,4,1,4,1
30,1329,29,61,4115,13192,8,19,8,3,4,3,0,3,0
44,986,8,62,2818,5044,2,24,10,2,3,2,0,2,0
51,942,3,53,13116,22984,2,11,15,2,2,2,2,2,0
31,542,20,71,4559,24788,3,11,4,2,2,2,2,2,1
30,945,9,89,1081,16019,1,13,1,3,1,0,0,0,1
39,903,2,41,7880,2560,0,18,9,3,8,7,0,7,0
42,926,21,36,5265,16439,2,16,11,5,5,3,0,2,0
18,812,10,69,1200,9724,1,12,0,2,0,0,0,0,0
42,932,1,43,6062,4051,9,13,8,4,4,3,0,2,0
53,1168,24,66,10448,5843,6,13,15,2,2,2,2,2,1
19,528,22,50,1675,26820,1,19,0,2,0,0,0,0,1
33,536,10,82,8380,21708,0,14,10,3,9,8,0,8,0
30,570,5,30,6118,5431,1,13,10,2,10,9,1,2,0
34,401,1,86,3294,3708,5,17,7,2,5,4,0,2,0
29,224,1,100,2362,7568,6,13,11,2,9,7,0,7,1
51,1150,8,53,10650,25150,2,15,18,2,4,2,0,3,1
32,1125,16,72,3919,4681,1,22,10,5,10,2,6,7,1
41,1102,1,94,5993,19479,8,11,8,0,6,4,0,5,1
35,556,23,50,5916,15497,3,13,8,1,1,0,0,1,1
30,1138,6,48,4627,23631,0,12,10,6,9,2,6,7,0
38,364,3,32,4317,2302,3,20,19,2,3,2,2,2,0
50,410,28,39,10854,16586,4,13,20,3,3,2,2,0,1
29,341,1,48,2800,23522,6,19,5,3,3,2,0,2,1
41,1360,12,49,19545,16280,1,12,23,0,22,15,15,8,1
29,746,24,45,1091,10642,1,17,1,3,1,0,0,0,1
48,492,16,96,6439,13693,8,14,18,2,8,7,7,7,0
41,143,4,56,9355,9558,1,18,8,5,8,7,7,7,1
49,1475,28,97,4284,22710,3,20,20,2,4,3,1,3,1
33,211,16,74,8564,10092,2,20,11,2,0,0,0,0,1
23,638,9,33,1790,26956,1,19,1,3,1,0,1,0,1
40,1142,8,72,4069,8841,3,18,8,2,2,2,2,2,0
44,1467,20,49,3420,21158,1,13,6,3,5,2,1,3,0
25,383,9,68,4400,15182,3,12,6,2,3,2,2,2,1
21,501,5,58,2380,25479,1,11,2,6,2,2,1,2,0
33,654,5,34,7119,21214,4,15,9,2,3,2,1,2,0
31,523,2,94,3722,21081,6,13,7,2,2,2,2,2,1
39,1122,6,70,2404,4303,7,21,8,2,2,2,2,2,1
26,841,6,46,2368,23300,1,19,5,3,5,4,4,3,0
24,813,1,61,2293,3020,2,16,6,2,2,0,2,0,1
43,957,28,72,4739,16090,4,12,18,2,3,2,1,2,0
25,240,5,46,5744,26959,1,11,6,1,6,4,0,3,1
25,959,28,41,8639,24835,2,18,6,3,2,2,2,2,0
35,287,1,62,2977,8952,1,12,4,5,4,3,1,1,0
49,1418,1,36,3580,10554,2,16,7,2,4,2,0,2,0
37,1252,19,32,7642,4814,1,13,10,2,10,0,0,9,0
41,143,4,56,9355,9558,1,18,8,5,8,7,7,7,1
34,304,2,60,6274,18686,1,22,6,5,6,5,1,4,0
22,617,3,34,4171,10022,0,19,4,3,3,2,0,2,1
42,469,2,35,17665,14399,0,17,23,3,22,6,13,7,0
49,1091,1,90,13964,17810,7,12,25,2,7,1,0,7,0
32,430,24,80,5309,21146,1,15,10,2,10,8,4,7,0
35,735,6,66,3506,6020,0,14,4,3,3,2,2,2,0
37,1373,2,92,2090,2396,6,15,7,3,0,0,0,0,1
42,201,1,95,2576,20490,3,16,8,5,5,2,1,2,0
42,532,29,92,4556,12932,2,11,19,3,5,4,0,2,0
38,770,10,73,8740,5569,0,14,9,2,8,7,2,7,0
57,593,1,88,6755,2967,2,11,15,2,3,2,1,2,0
31,1445,1,100,7446,8931,1,11,10,2,10,8,4,7,1
44,920,24,43,3161,19920,3,22,19,0,1,0,0,0,1
49,1064,2,42,19161,13738,3,15,28,3,5,4,4,3,0
34,479,7,35,2972,22061,1,13,1,4,1,0,0,0,0
35,1349,7,63,2690,7713,1,18,1,5,1,0,0,1,0
25,1219,4,32,3691,4605,1,15,7,3,7,7,5,6,1
33,118,16,69,5324,26507,5,15,6,3,3,2,0,2,1
55,267,13,85,13695,9277,6,17,24,2,19,7,3,8,1
34,658,7,66,6074,22887,1,24,9,3,9,7,0,6,1
37,161,10,42,13744,15471,1,25,16,2,16,11,6,8,0
27,1115,3,54,2045,15174,0,13,5,0,4,2,1,1,0
38,1180,29,70,6673,11354,7,19,17,2,1,0,0,0,1
39,505,2,64,10938,6420,0,25,20,1,19,6,11,8,0
40,1308,14,44,19626,17544,1,14,21,2,20,7,4,9,0
33,530,16,36,5368,16130,1,25,7,2,6,5,1,2,0
41,483,6,95,6032,10110,6,15,8,3,5,4,1,2,0
39,672,7,54,19272,21141,1,15,21,2,21,9,13,3,0
50,1464,2,62,19237,12853,2,11,29,2,8,1,7,7,0
29,1328,2,76,2703,4956,0,23,6,3,5,4,0,4,0
35,763,15,59,5440,22098,6,14,7,2,2,2,2,2,1
26,390,17,62,2305,6217,1,15,3,3,3,2,0,2,0
26,426,17,58,2741,22808,0,11,8,2,7,7,1,0,1
20,769,9,54,2323,17205,1,14,2,3,2,2,0,2,1
50,316,8,54,3875,9983,7,15,4,2,2,2,2,2,0
31,561,3,33,4084,4156,1,12,7,2,7,2,7,7,1
31,1079,10,86,6583,20115,2,11,8,2,5,2,1,4,0
31,330,22,98,6179,21057,1,15,10,3,10,2,6,7,1
27,591,2,40,3468,16632,9,12,6,3,2,2,2,2,0
26,1283,1,52,4294,11148,1,12,7,2,7,7,0,7,0
37,807,6,63,2073,23648,4,22,7,3,3,2,0,2,1
56,206,8,99,19717,4022,6,14,36,4,7,3,7,7,0
29,459,24,73,2439,14753,1,24,1,3,1,0,1,0,1
39,117,10,99,17068,5355,1,14,21,3,21,9,11,10,0
58,289,2,51,2479,26227,4,24,7,4,1,0,0,0,1
31,523,2,94,3722,21081,6,13,7,2,2,2,2,2,1
43,1001,7,43,9985,9262,8,16,10,1,1,0,0,0,0
21,1334,10,36,1416,17258,1,13,1,6,1,0,1,0,1
26,265,29,79,4969,21813,8,18,7,6,2,2,2,2,1
40,1329,7,73,2166,3339,3,14,10,3,4,2,0,3,1
38,362,1,43,2619,14561,3,17,8,3,0,0,0,0,0
30,945,9,89,1081,16019,1,13,1,3,1,0,0,0,1
31,587,2,57,9852,8935,1,19,10,5,10,8,9,6,0
27,1131,15,77,4774,23844,0,19,8,2,7,6,7,3,0
30,600,8,66,2180,9732,6,11,6,0,4,2,1,2,1
31,1082,1,87,2501,18775,1,17,1,4,1,1,1,0,0
34,967,16,85,2307,14460,1,23,5,2,5,2,3,0,1
52,1030,5,64,8446,21534,9,19,10,2,8,7,7,7,1
44,381,24,49,3708,2104,2,14,9,5,5,2,1,4,0
27,1240,2,33,2341,19715,1,13,1,6,1,0,0,0,0
28,1009,1,45,2596,7160,1,15,1,2,1,0,0,0,1
25,383,9,68,4400,15182,3,12,6,2,3,2,2,2,1
40,1137,1,98,16823,18991,2,11,22,3,19,7,11,16,0
29,1092,1,36,4787,26124,9,14,4,3,2,2,2,2,1
30,1176,20,85,9957,9096,0,15,7,1,6,2,0,2,0
40,107,10,84,6852,11591,7,12,7,2,5,1,1,3,0
36,1480,3,30,2088,15062,4,12,13,3,8,7,7,2,0
52,266,2,57,19845,25846,1,15,33,3,32,14,6,9,1
26,572,10,46,4684,9125,1,13,5,4,5,3,1,2,0
55,282,2,58,19187,6992,4,14,23,5,19,9,9,11,0
42,557,18,35,5410,11189,6,17,9,3,4,3,1,2,0
36,607,7,83,4639,2261,2,16,17,2,15,7,6,13,0
35,1017,6,82,6646,19368,1,13,17,3,17,11,11,8,0
48,715,1,76,18265,8733,6,12,25,3,1,0,0,0,0
38,397,2,54,7756,14199,3,19,10,6,5,4,0,2,0
45,252,2,95,2274,6153,1,14,1,3,1,0,0,0,0
41,1206,23,80,7082,11591,3,16,21,2,2,0,0,2,0
32,964,1,34,6735,12147,6,15,10,2,0,0,0,0,1
38,1336,2,100,2592,7129,5,13,13,3,11,10,3,8,0
35,763,15,59,5440,22098,6,14,7,2,2,2,2,2,1
35,776,1,32,4312,23016,0,14,16,2,15,13,2,8,0
32,1311,7,100,2794,26062,1,20,5,3,5,1,0,3,0
26,426,17,58,2741,22808,0,11,8,2,7,7,1,0,1
38,1186,3,44,2821,2997,3,16,8,2,2,2,2,2,0
46,377,9,52,10096,15986,4,11,28,1,7,7,4,3,1
20,871,6,66,2926,19783,1,18,1,5,1,0,1,0,1
54,548,8,42,3780,23428,7,11,19,3,1,0,0,0,0
30,879,9,72,4695,12858,7,18,10,3,8,4,1,7,0
27,829,8,84,4342,24008,0,19,5,3,4,2,1,1,0
25,688,3,91,4031,9396,5,13,6,5,2,2,0,2,1
42,1128,13,95,5538,5696,5,18,10,2,0,0,0,0,0
29,1401,6,54,3131,26342,1,13,10,5,10,8,0,8,0
18,544,3,70,1569,18420,1,12,0,2,0,0,0,0,1
35,1490,11,43,2660,20232,7,11,5,3,2,2,2,2,0
32,1259,2,95,1393,24852,1,12,1,2,1,0,0,0,1
29,121,27,35,7639,24525,1,22,10,3,10,4,1,9,1
34,1069,2,45,9547,14074,1,17,10,2,10,9,1,9,0
26,1357,25,48,2293,10558,1,12,1,2,1,0,0,1,1
37,1231,21,54,2973,21222,5,15,10,3,5,4,0,0,0
28,329,24,51,2408,7324,1,17,1,3,1,1,0,0,1
30,1005,3,88,2657,8556,5,11,8,5,5,2,0,4,1
47,719,27,77,6397,10339,4,12,8,2,5,4,1,3,1
40,902,26,92,4422,21203,3,13,16,3,1,1,0,0,0
52,585,29,40,3482,19788,2,15,16,3,9,8,0,0,0
52,723,8,85,4941,17747,2,15,11,3,8,2,7,7,1
32,238,5,47,2432,15318,3,14,8,2,4,1,0,3,1
26,887,5,88,2366,20898,1,14,8,2,8,7,1,7,1
33,1277,15,56,13610,24619,7,12,15,2,7,6,7,7,1
51,1323,4,34,2461,10332,9,12,18,2,10,0,2,7,1
42,1474,5,97,2093,9260,4,17,8,4,2,2,2,0,0
22,1256,3,48,2853,4223,0,11,1,5,0,0,0,0,1
21,337,7,31,2679,4567,1,13,1,3,1,0,1,0,1
44,1199,4,92,19190,17477,1,14,26,4,25,9,14,13,0
24,240,22,58,1555,11585,1,11,1,2,1,0,0,0,1
29,469,10,42,5869,23413,9,11,8,2,5,2,1,4,0
28,1496,1,92,2909,15747,3,15,5,3,3,2,1,2,1
33,722,17,38,17444,20489,1,11,10,2,10,8,6,0,0
34,1239,13,39,8628,22914,1,18,9,2,8,7,1,1,0
30,138,22,48,2132,11539,4,11,7,2,5,2,0,1,1
34,404,2,98,6687,6163,1,11,14,2,14,11,4,11,0
39,945,22,82,10880,5083,1,13,21,2,21,6,2,8,0
45,589,2,67,5154,19665,4,22,10,3,8,7,5,7,0
48,708,7,95,2655,11740,2,11,19,3,9,7,7,7,1
29,806,7,39,3339,17285,3,13,10,2,7,7,7,7,1
34,1440,7,55,2308,4944,0,25,12,4,11,10,5,7,0
29,1247,20,45,6931,10732,2,14,10,2,3,2,0,2,0
22,617,3,34,4171,10022,0,19,4,3,3,2,0,2,1
41,1102,1,94,5993,19479,8,11,8,0,6,4,0,5,1
32,498,3,93,6725,13554,1,12,8,2,8,7,6,3,0
36,1157,2,70,2644,17001,3,21,7,3,3,2,1,2,0
33,1076,3,70,3348,3164,1,11,10,3,10,8,9,7,1
42,1210,2,68,4841,24052,4,14,4,3,1,0,0,0,0
31,359,18,89,2956,21495,0,17,2,4,1,0,0,0,1
58,781,2,57,2380,13384,9,14,3,3,1,0,0,0,1
30,634,17,95,11916,25927,1,23,9,2,9,1,0,8,0
26,1330,21,37,2377,19373,1,20,1,0,1,1,0,0,1
55,725,2,78,19859,21199,5,13,24,2,5,2,1,4,1
38,240,2,75,5980,26085,6,12,17,2,15,7,4,12,0
44,935,3,89,2362,14669,4,12,10,4,3,2,1,2,1
31,754,26,63,5617,21075,1,11,10,4,10,7,0,8,1
47,719,27,77,6397,10339,4,12,8,2,5,4,1,3,1
35,1204,4,86,9582,10333,0,22,9,2,8,7,4,7,1
33,430,7,54,4373,17456,0,14,5,2,4,3,0,3,0
52,723,8,85,4941,17747,2,15,11,3,8,2,7,7,1
42,748,9,74,3673,16458,1,13,12,3,12,9,5,8,0
31,667,1,50,1359,16154,1,12,1,3,1,0,0,0,1
29,121,27,35,7639,24525,1,22,10,3,10,4,1,9,1
35,755,9,97,6540,19394,9,19,10,5,1,1,0,0,0
48,708,7,95,2655,11740,2,11,19,3,9,7,7,7,1
45,1249,7,97,5210,20308,1,18,24,2,24,9,9,11,0
18,544,3,70,1569,18420,1,12,0,2,0,0,0,0,1
43,343,9,52,2438,24978,4,13,7,2,3,2,1,2,0
53,1282,5,58,19094,10735,4,11,26,3,14,13,4,8,0
29,1246,19,77,8620,23757,1,14,10,3,10,7,0,4,0
38,1444,1,88,2991,5224,0,11,7,2,6,2,1,2,0
45,1199,7,77,6434,5118,4,17,9,1,3,2,0,2,0
39,835,19,41,3902,5141,8,14,7,2,2,2,2,2,0
28,1366,24,72,8722,12355,1,12,10,2,10,7,1,9,1
30,600,8,66,2180,9732,6,11,6,0,4,2,1,2,1
27,1420,2,85,3041,16346,0,11,5,3,4,3,0,2,1
30,852,1,55,5126,15998,1,12,10,1,10,8,3,0,0
33,1277,15,56,13610,24619,7,12,15,2,7,6,7,7,1
23,1243,6,63,1601,3445,1,21,1,2,0,0,0,0,1
56,832,9,81,11103,20420,7,11,30,1,10,7,1,1,0
40,1492,20,61,10322,26542,4,20,14,6,11,10,11,1,0
33,832,5,63,2911,14776,1,13,2,2,2,2,0,2,0
31,1079,16,70,8161,19002,2,13,10,2,1,0,0,0,1
33,1277,15,56,13610,24619,7,12,15,2,7,6,7,7,1
35,882,3,92,7823,6812,6,13,12,2,10,9,0,8,0
41,857,10,91,17181,12888,4,13,21,2,7,6,7,7,0
34,560,1,91,2996,20284,5,14,10,2,4,3,1,3,0
27,1220,5,85,2478,20938,1,12,4,2,4,3,1,2,0
42,933,19,57,2759,20366,6,12,7,2,2,2,2,2,1
45,252,1,70,19202,15970,0,11,25,2,24,0,1,7,0
34,735,22,86,5747,26496,1,15,16,3,15,10,6,11,0
37,674,13,47,4285,3031,1,17,10,2,10,8,3,7,0
39,492,12,66,5295,7693,4,21,7,3,5,4,1,0,0
19,489,2,52,2564,18437,1,12,1,3,1,0,0,0,1
36,566,18,81,3688,7122,4,18,4,2,1,0,0,0,0
37,142,9,69,8834,24666,1,13,9,6,9,5,7,7,0
42,458,26,60,13191,23281,3,17,20,6,1,0,0,0,0
31,667,1,50,1359,16154,1,12,1,3,1,0,0,0,1
38,1084,29,54,6261,4185,3,18,9,3,7,7,1,7,0
39,1462,6,38,8237,4658,2,11,11,3,7,6,7,6,0
40,1202,2,89,6377,13888,5,20,15,0,12,11,11,8,0
34,296,6,33,2351,12253,0,16,3,3,2,2,1,0,1
29,332,17,51,7988,9769,1,13,10,3,10,9,0,9,0
26,921,1,66,2007,25265,1,13,5,5,5,3,1,3,0
36,1195,11,95,6499,22656,1,13,6,3,6,5,0,3,0
50,562,8,50,6796,23452,3,14,18,4,4,3,1,3,1
29,992,1,85,2058,19757,0,14,7,1,6,2,1,5,1
35,130,25,96,2022,16612,1,19,10,3,10,2,7,8,1
33,392,2,93,5505,3921,1,14,6,5,6,2,0,4,0
26,575,3,73,3102,6582,0,22,7,2,6,4,0,4,1
32,371,19,80,9610,3840,3,13,10,2,4,3,0,2,0
39,360,23,93,3904,22154,0,13,6,2,5,2,0,3,1
37,807,6,63,2073,23648,4,22,7,3,3,2,0,2,1
22,617,3,34,4171,10022,0,19,4,3,3,2,0,2,1
31,1327,3,73,13675,13523,9,12,9,3,2,2,2,2,0
46,488,2,75,16872,14977,3,12,28,2,7,7,7,7,0
38,1333,1,80,13582,16292,1,13,15,3,15,12,5,11,0
19,602,1,100,2325,20989,0,21,1,5,0,0,0,0,1
22,617,3,34,4171,10022,0,19,4,3,3,2,0,2,1
37,446,1,65,6447,15701,6,12,8,2,6,5,4,3,0
31,754,26,63,5617,21075,1,11,10,4,10,7,0,8,1
24,693,3,65,4577,24785,9,14,4,3,2,2,2,0,1
55,1136,1,81,14732,12414,2,13,31,4,7,7,0,0,0
29,991,5,43,4187,3356,1,13,10,3,10,0,0,9,0
28,654,1,67,2216,3872,7,13,10,4,7,7,3,7,1
52,1030,5,64,8446,21534,9,19,10,2,8,7,7,7,1
32,414,2,82,9907,26186,7,12,7,3,2,2,2,2,1
57,210,29,56,14118,22102,3,12,32,3,1,0,0,0,0
29,992,1,85,2058,19757,0,14,7,1,6,2,1,5,1
36,1351,9,66,2810,9238,1,22,5,3,5,4,0,2,0
54,431,7,68,6854,15696,4,15,14,2,7,1,1,7,0
44,200,29,32,4541,7744,1,25,20,3,20,11,13,17,0
41,1085,2,57,2778,17725,4,13,10,1,7,7,1,0,1
34,1400,9,70,5714,5829,1,20,6,3,6,5,1,3,0
22,1256,3,48,2853,4223,0,11,1,5,0,0,0,0,1
24,1448,1,62,3202,21972,1,16,6,4,5,3,1,4,1
40,543,1,83,2406,4060,8,19,8,3,1,0,0,0,0
42,933,19,57,2759,20366,6,12,7,2,2,2,2,2,1
31,307,29,71,3479,11652,0,11,6,2,5,4,1,4,1
40,575,22,68,6380,6110,2,12,8,6,6,4,1,0,1
26,1330,21,37,2377,19373,1,20,1,0,1,1,0,0,1
35,1182,11,54,4968,18500,1,11,5,3,5,2,0,2,0
55,725,2,78,19859,21199,5,13,24,2,5,2,1,4,1
24,673,11,96,4011,8232,0,18,5,5,4,2,1,3,0
40,555,2,78,3448,13436,6,22,20,3,1,0,0,0,0
28,1169,8,63,4936,23965,1,13,6,6,5,1,0,4,0
30,1312,23,96,2613,22310,1,25,10,2,10,7,0,9,0
43,807,17,38,2437,15587,9,16,6,4,1,0,0,0,1
28,895,15,50,2207,22482,1,16,4,5,4,2,2,2,0
21,1334,10,36,1416,17258,1,13,1,6,1,0,1,0,1
29,352,6,87,2804,15434,1,11,1,3,1,0,0,0,0
34,507,15,66,6125,23553,1,12,10,6,10,8,9,6,0
42,544,2,52,2696,24017,0,11,4,5,3,2,1,0,0
22,1256,3,48,2853,4223,0,11,1,5,0,0,0,0,1
25,867,19,36,2413,18798,1,18,1,2,1,0,0,0,1
47,359,2,82,17169,26703,3,19,26,2,20,17,5,6,0
34,1346,19,93,2661,8758,0,11,3,2,2,2,1,2,0
30,990,7,64,1274,7152,1,13,1,2,1,0,0,0,0
36,660,15,81,4834,7858,7,14,9,3,1,0,0,0,1
34,181,2,97,2932,5586,0,14,6,3,5,0,1,2,0
32,1318,10,79,4648,26075,8,13,4,2,0,0,0,0,0
28,1404,17,32,2367,18779,5,12,6,2,4,1,0,3,1
29,806,7,39,3339,17285,3,13,10,2,7,7,7,7,1
29,408,25,71,2546,18300,5,16,6,2,2,2,1,1,1
28,329,24,51,2408,7324,1,17,1,3,1,1,0,0,1
31,1079,16,70,8161,19002,2,13,10,2,1,0,0,0,1
36,1383,10,90,8321,25949,7,13,15,1,12,8,5,7,0
44,1313,7,31,19049,3549,0,14,23,4,22,7,1,10,0
19,489,2,52,2564,18437,1,12,1,3,1,0,0,0,1
28,1366,24,72,8722,12355,1,12,10,2,10,7,1,9,1
26,342,2,57,2042,15346,6,14,6,2,3,2,1,2,1
34,988,23,43,9950,11533,9,15,11,2,3,2,0,2,1
51,541,2,52,10596,15395,2,11,14,5,4,2,3,2,0
49,470,20,96,6567,5549,1,14,16,2,15,11,5,11,0
50,410,28,39,10854,16586,4,13,20,3,3,2,2,0,1
21,1427,18,65,2693,8870,1,19,1,3,1,0,0,0,1
31,329,1,98,2218,16193,1,12,4,3,4,2,3,2,0
29,992,1,85,2058,19757,0,14,7,1,6,2,1,5,1
18,544,3,70,1569,18420,1,12,0,2,0,0,0,0,1
50,804,9,64,2380,20165,4,18,8,5,1,0,0,0,0
25,772,2,77,5206,4973,1,17,7,6,7,7,0,7,0
21,1334,10,36,1416,17258,1,13,1,6,1,0,1,0,1
32,1033,9,41,4200,10224,7,22,10,2,5,4,0,4,1
44,920,24,43,3161,19920,3,22,19,0,1,0,0,0,1
43,1473,8,74,4522,2227,4,14,8,3,5,2,0,2,0
29,441,8,39,9715,7288,3,13,9,3,7,7,0,7,0
36,363,1,77,10252,4235,2,21,17,2,7,7,7,7,0
34,702,16,100,2553,8306,1,16,6,3,5,2,1,3,0
20,769,9,54,2323,17205,1,14,2,3,2,2,0,2,1
45,1449,2,94,18824,2493,2,16,26,2,24,10,1,11,1
25,949,1,81,3229,4910,4,11,7,2,3,2,0,2,0
27,1055,2,47,4227,4658,0,18,4,2,3,2,2,2,0
31,359,18,89,2956,21495,0,17,2,4,1,0,0,0,1
58,147,23,94,10312,3465,1,12,40,3,40,10,15,6,1
31,754,26,63,5617,21075,1,11,10,4,10,7,0,8,1
24,581,9,62,4401,17616,1,16,5,1,5,3,0,4,0
19,602,1,100,2325,20989,0,21,1,5,0,0,0,0,1
32,1401,4,56,3931,20990,2,11,6,5,4,3,1,2,0
45,1449,2,94,18824,2493,2,16,26,2,24,10,1,11,1
33,827,29,54,4508,3129,1,22,14,4,13,7,3,8,1
36,530,3,51,10325,5518,1,11,16,6,16,7,3,7,1
43,1034,16,80,16064,7744,5,22,22,3,17,13,1,9,0
48,626,1,98,5381,19294,9,13,23,2,1,0,0,0,1
49,809,1,36,15379,22384,4,14,23,2,8,7,0,0,0
29,350,13,56,2335,3157,4,15,4,3,2,2,2,0,1
29,121,27,35,7639,24525,1,22,10,3,10,4,1,9,1
39,116,24,52,4108,5340,7,13,18,2,7,7,1,7,0
19,303,2,47,1102,9241,1,22,1,3,1,0,1,0,1
50,410,28,39,10854,16586,4,13,20,3,3,2,2,0,1
30,334,26,52,6696,22967,5,15,9,5,6,3,0,1,1
36,325,10,63,7094,5747,3,12,10,0,7,7,1,7,0
42,288,2,40,10124,18611,2,14,24,3,20,8,13,9,0
36,318,9,79,3388,21777,0,17,2,0,1,0,0,0,1
54,1082,2,41,10686,8392,6,11,13,4,9,4,7,0,0
29,992,1,85,2058,19757,0,14,7,1,6,2,1,5,1
27,1157,17,51,3058,13364,0,16,6,3,5,2,1,1,0
20,500,2,49,2044,22052,1,13,2,3,2,2,0,2,1
29,337,14,84,7553,22930,0,12,9,1,8,7,7,7,1
28,529,2,79,3485,14935,2,11,5,5,0,0,0,0,1
30,600,8,66,2180,9732,6,11,6,0,4,2,1,2,1
31,534,20,66,9824,22908,3,12,12,2,1,0,0,0,1
35,636,4,47,2376,26537,1,13,2,2,2,2,2,2,0
30,945,9,89,1081,16019,1,13,1,3,1,0,0,0,1
52,266,2,57,19845,25846,1,15,33,3,32,14,6,9,1
34,1003,2,95,4033,15834,2,11,5,3,3,2,0,2,0
56,1162,24,97,2587,10261,1,16,5,3,4,2,1,0,1
30,288,2,99,4152,15830,1,19,11,3,11,10,10,8,0
39,1387,10,76,5377,3835,2,13,10,3,7,7,7,7,0
37,309,10,88,6694,24223,2,14,8,5,1,0,0,0,0
19,504,10,96,1859,6148,1,25,1,2,1,1,0,0,1
26,471,24,66,2340,23213,1,18,1,3,1,0,0,0,1
42,462,14,68,6244,7824,7,17,10,6,5,4,0,3,0
32,646,9,92,6322,18089,1,12,6,2,6,4,0,5,0
30,600,8,66,2180,9732,6,11,6,0,4,2,1,2,1
26,1167,5,30,2966,21378,0,18,5,2,4,2,0,0,0
31,667,1,50,1359,16154,1,12,1,3,1,0,0,0,1
38,1153,6,40,3702,16376,1,11,5,3,5,4,0,4,0
36,329,16,98,5647,13494,4,13,11,3,3,2,0,2,0
36,188,7,65,4678,23293,2,18,8,6,6,2,0,1,0
36,885,16,43,2743,8269,1,16,18,1,17,13,15,14,1
45,1005,28,48,16704,17119,1,11,21,2,21,6,8,6,0
44,1448,28,53,13320,11737,3,18,23,2,12,11,11,11,0
20,871,6,66,2926,19783,1,18,1,5,1,0,1,0,1
52,1325,11,82,3149,21821,8,20,9,3,5,2,1,4,0
39,1253,10,65,13464,7914,7,21,9,3,4,3,2,2,0
29,459,24,73,2439,14753,1,24,1,3,1,0,1,0,1
51,1150,8,53,10650,25150,2,15,18,2,4,2,0,3,1
40,720,16,51,5094,11983,6,14,10,6,1,0,0,0,0
58,1055,1,76,19701,22456,3,21,32,3,9,8,1,5,0
51,1169,7,34,6132,13983,2,17,10,2,1,0,0,0,0
41,1102,1,94,5993,19479,8,11,8,0,6,4,0,5,1
33,1146,25,82,4539,4905,1,12,10,3,10,7,0,1,0
23,885,4,58,2819,8544,2,16,5,3,3,2,0,2,0
29,992,1,85,2058,19757,0,14,7,1,6,2,1,5,1
33,508,10,46,4682,4317,3,14,9,6,7,7,0,1,0
39,360,23,93,3904,22154,0,13,6,2,5,2,0,3,1
31,202,8,34,1261,22262,1,12,1,3,1,0,0,0,1
30,160,3,71,2083,22653,1,20,1,2,1,0,0,0,0
26,1146,8,38,5326,3064,6,17,6,2,4,3,1,2,1
58,289,2,51,2479,26227,4,24,7,4,1,0,0,0,1
38,216,23,44,9526,8787,0,21,10,2,9,7,1,8,0
31,542,20,71,4559,24788,3,11,4,2,2,2,2,2,1
34,511,3,32,6029,25353,5,12,6,3,2,2,2,2,0
29,121,27,35,7639,24525,1,22,10,3,10,4,1,9,1
44,621,15,73,7978,14075,1,11,10,2,10,7,0,5,1
36,885,16,43,2743,8269,1,16,18,1,17,13,15,14,1
39,360,23,93,3904,22154,0,13,6,2,5,2,0,3,1
37,1115,1,51,5993,2689,1,18,7,2,7,5,0,7,0
39,1251,21,32,5736,3987,6,19,10,1,3,2,1,2,0
45,788,24,36,2177,8318,1,16,6,3,6,3,0,4,0
38,343,15,92,11510,15682,0,14,12,3,11,10,2,9,0
27,1130,8,56,6214,3415,1,18,8,3,8,7,0,7,0
34,988,23,43,9950,11533,9,15,11,2,3,2,0,2,1
38,1321,1,86,4440,7636,0,15,16,3,15,13,5,8,0
21,337,7,31,2679,4567,1,13,1,3,1,0,1,0,1
26,1330,21,37,2377,19373,1,20,1,0,1,1,0,0,1
30,600,8,66,2180,9732,6,11,6,0,4,2,1,2,1
38,152,10,85,5666,19899,1,13,6,1,5,3,1,3,0
27,1291,11,98,2534,6527,8,14,5,4,1,0,0,0,0
49,527,8,51,7403,22477,4,11,29,3,26,9,1,7,0
29,906,10,92,2404,11479,6,20,3,5,0,0,0,0,1
30,125,9,83,2206,16117,1,13,10,5,10,0,1,8,0
21,756,1,99,2174,9150,1,11,3,3,3,2,1,2,1
28,1476,1,55,6674,16392,0,11,10,6,9,8,7,5,0
29,428,9,52,2760,14630,1,13,2,3,2,2,2,2,1
38,903,2,81,4855,7653,4,11,7,2,5,2,1,4,1
51,237,9,83,19847,19196,4,24,31,5,29,10,11,10,0
48,969,2,76,2559,16620,5,11,7,4,1,0,0,0,0
60,1499,28,80,10266,2845,4,19,22,5,18,13,13,11,0
47,1379,16,64,5067,6759,1,19,20,3,19,10,2,7,0
19,419,21,37,2121,9947,1,13,1,3,1,0,0,0,1
34,1111,8,93,6500,13305,5,17,6,1,3,2,1,2,0
45,192,10,69,2654,9655,3,21,8,3,2,2,0,2,0
41,896,6,75,13591,14674,3,18,16,3,1,0,0,0,0
50,562,8,50,6796,23452,3,14,18,4,4,3,1,3,1
40,1479,24,100,13194,17071,4,16,22,2,1,0,0,0,1
41,582,28,60,13570,5640,0,23,21,3,20,7,0,10,0
44,1097,10,96,2936,10826,1,11,6,4,6,4,0,2,1
36,530,3,51,10325,5518,1,11,16,6,16,7,3,7,1
33,827,29,54,4508,3129,1,22,14,4,13,7,3,8,1
45,1238,1,74,10748,3395,3,23,25,3,23,15,14,4,0
53,868,8,73,11836,22789,5,14,28,3,2,0,2,2,0
33,603,9,77,8224,18385,0,17,6,3,5,2,0,3,1
39,895,5,56,2086,3335,3,14,19,6,1,0,0,0,1
31,667,1,50,1359,16154,1,12,1,3,1,0,0,0,1
30,945,9,89,1081,16019,1,13,1,3,1,0,0,0,1
19,419,21,37,2121,9947,1,13,1,3,1,0,0,0,1
36,938,2,79,2519,12287,4,21,16,6,11,8,3,9,0
32,964,1,34,6735,12147,6,15,10,2,0,0,0,0,1
49,1098,4,85,18711,12124,2,13,23,2,1,0,0,0,0
48,1262,1,35,16885,16154,2,22,27,3,5,4,2,1,0
31,746,8,61,4424,20682,1,23,11,2,11,7,1,8,0
41,906,5,95,2107,20293,6,17,5,2,1,0,0,0,1
32,1259,2,95,1393,24852,1,12,1,2,1,0,0,0,1
41,549,7,42,5003,23371,6,14,8,6,2,2,2,1,0
31,202,8,34,1261,22262,1,12,1,3,1,0,0,0,1
27,210,1,73,6349,22107,0,13,6,0,5,4,1,4,0
47,1093,9,82,12936,24164,7,11,25,3,23,5,14,10,1
21,156,12,90,2716,25422,1,15,1,0,1,0,0,0,1
32,238,5,47,2432,15318,3,14,8,2,4,1,0,3,1
34,967,16,85,2307,14460,1,23,5,2,5,2,3,0,1
24,506,29,91,3907,3622,1,13,6,2,6,2,1,2,0
28,890,2,46,4382,16374,6,17,5,3,2,2,2,1,1
29,992,1,85,2058,19757,0,14,7,1,6,2,1,5,1
34,1381,4,72,6538,12740,9,15,6,3,3,2,1,2,0
41,509,2,62,6811,2112,2,17,10,3,8,7,0,7,0
42,1332,2,98,6781,17078,3,23,14,6,1,0,0,0,0
46,734,2,46,19328,14218,7,17,24,3,2,1,2,2,0
33,147,4,47,2622,13248,6,21,7,3,3,2,1,1,0
46,669,9,64,9619,13596,1,16,9,3,9,8,4,7,1
36,1456,13,96,6134,8658,5,13,16,3,2,2,2,2,1
33,1075,3,57,2277,22650,3,11,7,4,4,3,0,3,0
26,575,3,73,3102,6582,0,22,7,2,6,4,0,4,1
28,783,1,42,6834,19255,1,12,7,2,7,7,0,7,0
48,855,4,54,7898,18706,1,11,11,2,10,9,0,8,0
35,195,1,80,4859,6698,1,16,5,3,5,4,0,3,0
40,804,2,86,2342,22929,0,20,5,2,4,2,2,3,0
31,1445,1,100,7446,8931,1,11,10,2,10,8,4,7,1
32,1259,2,95,1393,24852,1,12,1,2,1,0,0,0,1
31,1365,13,46,4233,11512,2,17,9,2,3,1,1,2,1
50,1115,1,73,18172,9755,3,19,28,1,8,3,0,7,0
50,410,28,39,10854,16586,4,13,20,3,3,2,2,0,1
21,1334,10,36,1416,17258,1,13,1,6,1,0,1,0,1
38,1495,10,76,9824,22174,3,19,18,4,1,0,0,0,0
38,322,7,44,5605,19191,1,24,8,3,8,0,7,7,0
29,408,25,71,2546,18300,5,16,6,2,2,2,1,1,1
33,813,14,58,2436,22149,5,13,8,2,5,4,0,4,1
34,1351,1,45,5484,13008,9,17,9,3,2,2,2,1,0
36,427,8,63,11713,20335,9,14,10,2,8,7,0,5,0
44,1488,1,75,5454,4009,5,21,9,2,4,3,1,3,0
28,289,2,38,2561,5355,7,11,8,2,0,0,0,0,1
47,543,2,87,4978,3536,7,11,4,3,1,0,0,0,0
44,935,3,89,2362,14669,4,12,10,4,3,2,1,2,1
27,618,4,76,2318,17808,1,19,1,2,1,1,0,0,0
34,999,26,92,2029,15891,1,20,5,2,5,4,0,0,0
46,168,4,33,18789,9946,2,14,26,2,11,4,0,8,0
46,945,5,80,5021,10425,8,22,16,2,4,2,0,2,0
50,328,1,86,3690,3425,2,15,5,2,3,2,0,2,0
28,120,4,43,4221,8863,1,15,5,3,5,4,0,4,0
29,408,25,71,2546,18300,5,16,6,2,2,2,1,1,1
47,571,14,78,4591,24200,3,17,11,4,5,4,1,2,0
23,1243,6,63,1601,3445,1,21,1,2,0,0,0,0,1
32,964,1,34,6735,12147,6,15,10,2,0,0,0,0,1
51,313,3,98,13734,7192,3,18,21,6,7,7,1,0,0
36,318,9,79,3388,21777,0,17,2,0,1,0,0,0,1
50,939,24,95,13973,4161,3,18,22,2,12,11,1,5,0
43,185,10,33,2455,10675,0,19,9,5,8,7,1,7,0
57,334,24,83,9439,23402,3,16,12,2,5,3,1,4,0
31,1463,23,64,5582,14408,0,21,10,2,9,0,7,8,0
32,1200,1,62,4087,25174,4,14,9,3,6,5,1,2,0
26,933,1,57,5296,20156,1,17,8,3,8,7,7,7,0
48,277,6,97,4240,13119,2,13,19,0,2,2,2,2,0
41,645,1,49,8392,19566,1,16,10,2,10,7,0,7,0
41,906,5,95,2107,20293,6,17,5,2,1,0,0,0,1
53,607,2,78,10169,14618,0,16,34,4,33,7,1,9,1
51,432,9,96,2075,18725,3,23,10,4,4,2,0,3,0
50,1452,11,53,19926,17053,3,15,21,5,5,4,4,4,0
35,880,12,36,4581,10414,3,24,13,2,11,9,6,7,1
31,715,2,54,5332,21602,7,13,10,3,5,2,0,3,0
43,313,21,61,2258,15238,7,20,8,1,3,2,1,2,0
33,350,5,34,2851,9150,1,13,1,2,1,0,0,0,1
39,867,9,87,5151,12315,1,25,10,3,10,0,7,9,0
37,228,6,98,6502,22825,4,14,7,5,5,4,0,1,0
32,427,1,33,6162,10877,1,22,9,3,9,8,7,8,0
41,1085,2,57,2778,17725,4,13,10,1,7,7,1,0,1
29,746,2,61,4649,16928,1,14,4,3,4,3,0,2,0
31,1060,1,54,2302,8319,1,11,3,2,3,2,2,2,1
36,216,6,84,4941,2819,6,20,7,0,3,2,0,1,0
37,1141,11,61,4777,14382,5,15,15,2,1,0,0,0,1
30,334,26,52,6696,22967,5,15,9,5,6,3,0,1,1
47,465,1,74,3420,10205,7,12,17,2,6,5,1,2,0
48,626,1,98,5381,19294,9,13,23,2,1,0,0,0,1
19,419,21,37,2121,9947,1,13,1,3,1,0,0,0,1
44,1097,10,96,2936,10826,1,11,6,4,6,4,0,2,1
30,740,1,64,9714,5323,1,11,10,4,10,8,6,7,1
31,335,9,46,2321,10322,0,22,4,0,3,2,1,2,1
25,867,19,36,2413,18798,1,18,1,2,1,0,0,0,1
34,790,24,40,4599,7815,0,23,16,2,15,9,10,10,1
50,959,1,81,4728,17251,3,14,5,4,0,0,0,0,1
52,723,8,85,4941,17747,2,15,11,3,8,2,7,7,1
34,658,7,66,6074,22887,1,24,9,3,9,7,0,6,1
35,482,4,87,4249,2690,1,11,9,3,9,6,1,1,0
20,769,9,54,2323,17205,1,14,2,3,2,2,0,2,1
47,719,27,77,6397,10339,4,12,8,2,5,4,1,3,1
19,504,10,96,1859,6148,1,25,1,2,1,1,0,0,1
33,1069,1,42,6949,12291,0,14,6,3,5,0,1,4,0
33,267,21,79,2028,13637,1,18,14,6,14,11,2,13,0
44,429,1,99,2342,11092,1,12,6,2,5,3,2,3,1
31,1154,2,54,3067,6393,0,19,3,1,2,2,1,2,0
45,1268,4,30,5006,6319,4,11,9,3,5,4,0,3,0
37,571,10,82,2782,19905,0,13,6,3,5,3,4,3,0
26,426,17,58,2741,22808,0,11,8,2,7,7,1,0,1
54,966,1,53,10502,9659,7,17,33,2,5,4,1,4,0
34,135,19,46,4444,22534,4,13,15,2,11,8,5,10,0
26,1066,2,32,5472,3334,1,12,8,2,8,7,1,3,0
43,990,27,87,4876,5855,5,12,8,0,6,4,0,2,0
39,1485,25,71,10920,3449,3,21,13,2,6,4,0,5,0
58,289,2,51,2479,26227,4,24,7,4,1,0,0,0,1
46,669,9,64,9619,13596,1,16,9,3,9,8,4,7,1
58,601,7,53,10008,12023,7,14,31,0,10,9,5,9,1
21,1427,18,65,2693,8870,1,19,1,3,1,0,0,0,1
36,1120,11,100,6652,14369,4,13,8,2,6,3,0,0,0
46,430,1,40,19627,21445,9,17,23,0,2,2,2,2,0
26,474,3,89,2061,11133,1,21,1,5,1,0,0,0,0
58,601,7,53,10008,12023,7,14,31,0,10,9,5,9,1
24,1448,1,62,3202,21972,1,16,6,4,5,3,1,4,1
21,1343,22,49,3447,24444,1,11,3,2,3,2,1,2,0
28,1404,17,32,2367,18779,5,12,6,2,4,1,0,3,1
36,1218,9,82,3407,6986,7,23,10,4,5,3,0,3,1
45,556,25,93,5906,23888,0,13,10,2,9,8,3,8,0
39,360,23,93,3904,22154,0,13,6,2,5,2,0,3,1
41,930,3,57,8938,12227,2,11,14,5,5,4,0,4,0
27,798,6,66,2187,5013,0,12,6,5,5,3,0,3,0
23,1309,26,83,2904,16092,1,12,4,2,4,2,0,2,0
54,584,22,91,17426,18685,3,25,36,6,10,8,4,7,0
26,1357,25,48,2293,10558,1,12,1,2,1,0,0,1,1
42,1396,6,83,13348,14842,9,13,18,3,13,7,5,7,0
55,111,1,70,10239,18092,3,14,24,4,1,0,1,0,0
27,1337,22,58,2863,19555,1,12,1,2,1,0,0,0,1
34,285,29,86,5429,17491,4,13,10,1,8,7,7,7,0
51,833,1,96,2723,23231,1,11,1,0,1,0,0,0,0
31,1079,16,70,8161,19002,2,13,10,2,1,0,0,0,1
60,422,7,41,19566,3854,5,11,33,5,29,8,11,10,0
36,660,15,81,4834,7858,7,14,9,3,1,0,0,0,1
36,506,3,30,4485,26285,4,12,10,2,8,0,7,7,0
24,1092,9,60,2694,26551,1,11,1,4,1,0,0,0,0
48,708,7,95,2655,11740,2,11,19,3,9,7,7,7,1
35,1343,27,53,2559,17852,1,11,6,3,6,5,1,1,0
21,996,3,100,3230,10531,1,17,3,4,3,2,1,0,0
31,307,29,71,3479,11652,0,11,6,2,5,4,1,4,1
24,984,17,97,2210,3372,1,13,1,3,1,0,0,0,1
43,415,25,79,10798,5268,5,13,18,5,1,0,0,0,0
50,1234,20,41,11245,20689,2,15,32,3,30,8,12,13,0
34,546,10,83,2008,6896,1,14,1,3,1,0,1,0,0
32,1033,9,41,4200,10224,7,22,10,2,5,4,0,4,1
54,376,19,95,5485,22670,9,11,9,4,5,3,1,4,0
36,635,18,73,2153,7703,1,13,8,2,8,1,1,7,0
35,208,8,52,4148,12250,1,12,15,5,14,11,2,9,0
19,528,22,50,1675,26820,1,19,0,2,0,0,0,0,1
29,121,27,35,7639,24525,1,22,10,3,10,4,1,9,1
28,760,2,81,4779,3698,1,20,8,2,8,7,7,5,0
50,1099,29,88,17046,9314,0,15,28,2,27,10,15,7,0
35,1224,7,55,5204,13586,1,11,10,2,10,8,0,9,0
41,256,10,40,6151,22074,1,13,19,4,19,2,11,9,0
58,286,2,31,19246,25761,7,12,40,2,31,15,13,8,1
39,360,23,93,3904,22154,0,13,6,2,5,2,0,3,1
40,299,25,57,9094,17235,2,12,9,2,5,4,1,0,1
44,136,28,32,16328,22074,3,13,24,1,20,6,14,17,0
26,426,17,58,2741,22808,0,11,8,2,7,7,1,0,1
50,410,28,39,10854,16586,4,13,20,3,3,2,2,0,1
41,548,9,94,2289,20520,1,20,5,2,5,3,0,4,0
51,1323,4,34,2461,10332,9,12,18,2,10,0,2,7,1
25,240,5,46,5744,26959,1,11,6,1,6,4,0,3,1
26,920,20,69,2148,6889,0,11,6,3,5,1,1,4,1
31,1365,13,46,4233,11512,2,17,9,2,3,1,1,2,1
32,929,10,55,5396,21703,1,12,10,2,10,7,0,8,0
52,266,2,57,19845,25846,1,15,33,3,32,14,6,9,1
33,515,1,98,13458,15146,1,12,15,1,15,14,8,12,0
49,1261,7,31,10965,12066,8,24,26,2,5,2,0,0,0
51,1150,8,53,10650,25150,2,15,18,2,4,2,0,3,1
54,1050,11,87,16032,24456,3,20,26,2,14,9,1,12,0
27,1242,20,90,9981,12916,1,14,7,2,7,7,0,7,0
31,106,2,62,6410,17822,3,12,9,1,2,2,1,0,0
37,663,11,47,12185,10056,1,14,10,1,10,8,0,7,0
32,1316,2,38,4998,2338,4,14,10,2,8,7,0,7,0
36,1223,8,59,10096,8202,1,13,17,2,17,14,12,8,0
56,1369,23,68,13402,18235,4,12,33,0,19,16,15,9,0
37,1305,10,49,4197,21123,2,12,18,2,1,0,0,1,0
29,408,25,71,2546,18300,5,16,6,2,2,2,1,1,1
36,335,17,33,5507,16822,2,16,12,1,4,2,1,3,0
37,1017,1,83,3920,18697,2,14,17,2,3,1,0,2,0
41,1283,5,90,2127,5561,2,12,7,5,4,2,0,3,0
33,1198,1,100,2799,3339,3,11,6,1,3,2,0,2,0
31,140,12,95,3929,6984,8,23,7,0,4,2,0,2,0
30,330,1,46,2064,15428,0,21,6,3,5,3,1,3,0
31,249,6,76,6172,20739,4,18,12,3,7,7,7,7,1
26,426,17,58,2741,22808,0,11,8,2,7,7,1,0,1
52,1030,5,64,8446,21534,9,19,10,2,8,7,7,7,1
38,903,2,81,4855,7653,4,11,7,2,5,2,1,4,1
31,1125,7,68,9637,8277,2,14,9,3,3,2,2,2,0
29,408,23,45,7336,11162,1,13,11,3,11,8,3,10,1
49,1245,18,58,19502,2125,1,17,31,5,31,9,0,9,0
30,1240,9,48,6347,13982,0,19,12,2,11,9,4,7,0
38,594,2,75,2468,15963,4,14,9,4,6,1,0,5,0
52,1053,1,70,17099,13829,2,15,26,2,9,8,7,8,0
49,1490,7,35,10466,20948,3,14,29,3,8,7,0,7,0
45,538,1,66,7441,20933,1,12,10,4,10,8,7,7,0
34,878,10,43,3815,5972,1,17,5,4,5,3,2,0,0
56,713,8,67,4257,13939,4,18,19,3,2,2,2,2,0
25,383,9,68,4400,15182,3,12,6,2,3,2,2,2,1
41,642,1,76,2782,21412,3,22,12,3,5,3,1,0,0
41,840,9,64,19419,3735,2,17,21,2,18,16,0,11,0
23,507,20,97,2272,24812,0,14,5,2,4,3,1,2,0
34,658,7,66,6074,22887,1,24,9,3,9,7,0,6,1
32,120,6,43,3038,12430,3,20,8,2,5,4,1,4,0
31,249,6,76,6172,20739,4,18,12,3,7,7,7,7,1
58,682,10,37,13872,24409,0,13,38,1,37,10,1,8,0
27,1337,22,58,2863,19555,1,12,1,2,1,0,0,0,1
30,448,12,74,2033,14470,1,18,1,2,1,0,0,0,1
35,950,7,59,10221,18869,3,21,17,3,8,5,1,6,0
26,683,2,36,3904,4050,0,12,5,2,4,3,1,1,0
42,1271,2,35,2515,9068,5,14,8,2,2,1,2,2,0
27,205,10,98,5769,7100,1,11,6,3,6,2,4,4,0
30,855,7,73,4779,12761,7,14,8,3,3,2,0,2,0
42,532,4,58,19232,4933,1,11,22,3,22,17,11,15,0
31,542,20,71,4559,24788,3,11,4,2,2,2,2,2,1
43,920,3,96,19740,18625,3,14,25,2,8,7,0,7,0
32,1125,16,72,3919,4681,1,22,10,5,10,2,6,7,1
27,155,4,87,6142,5174,1,20,6,0,6,2,0,3,0
27,1450,3,79,2566,25326,1,15,1,2,1,1,0,1,0
39,1122,6,70,2404,4303,7,21,8,2,2,2,2,2,1
26,1146,8,38,5326,3064,6,17,6,2,4,3,1,2,1
29,995,2,87,8853,24483,1,19,6,0,6,4,1,3,0
23,541,2,62,2322,9518,3,13,3,3,0,0,0,0,0
43,1372,9,85,5346,9489,8,13,7,2,4,3,1,3,1
31,534,20,66,9824,22908,3,12,12,2,1,0,0,0,1
58,147,23,94,10312,3465,1,12,40,3,40,10,15,6,1
49,722,25,84,3211,22102,1,14,10,3,9,6,1,4,0
26,1449,16,45,2373,14180,2,13,5,2,3,2,0,2,1
32,964,1,34,6735,12147,6,15,10,2,0,0,0,0,1
30,241,7,48,2141,5348,1,12,6,3,6,4,1,1,0
19,419,21,37,2121,9947,1,13,1,3,1,0,0,0,1
43,574,11,30,7510,16873,1,17,10,1,10,9,0,9,0
33,211,16,74,8564,10092,2,20,11,2,0,0,0,0,1
40,630,4,67,10855,8552,7,11,15,2,12,11,2,11,0
42,355,10,38,2936,6161,3,22,10,1,6,3,3,3,0
29,490,10,61,3291,17940,0,14,8,2,7,5,1,1,0
50,878,1,94,6728,14255,7,12,12,3,6,3,0,1,1
32,634,5,35,3312,18783,3,17,6,3,3,2,0,2,0
48,365,4,89,15202,5602,2,25,23,3,2,2,2,2,0
31,1232,7,39,7143,25713,1,14,11,2,11,9,4,10,0
24,1448,1,62,3202,21972,1,16,6,4,5,3,1,4,1
32,374,25,87,2795,18016,1,24,1,2,1,0,0,1,1
32,414,2,82,9907,26186,7,12,7,3,2,2,2,2,1
32,1045,4,32,10400,25812,1,11,14,2,14,8,9,8,1
44,935,3,89,2362,14669,4,12,10,4,3,2,1,2,1
25,688,3,91,4031,9396,5,13,6,5,2,2,0,2,1
24,240,22,58,1555,11585,1,11,1,2,1,0,0,0,1
28,1083,29,96,6549,3173,1,14,8,2,8,6,1,7,0
46,706,2,82,8578,19989,3,14,12,4,9,8,4,7,0
41,427,10,73,19141,8861,3,15,23,2,21,6,12,6,0
50,562,8,50,6796,23452,3,14,18,4,4,3,1,3,1
25,685,1,62,4898,7505,0,12,5,3,4,2,1,2,0
46,1319,3,45,13225,7739,2,12,25,5,19,17,2,8,0
56,718,4,92,19943,18575,4,13,28,2,5,2,4,2,0
32,1033,9,41,4200,10224,7,22,10,2,5,4,0,4,1
48,626,1,98,5381,19294,9,13,23,2,1,0,0,0,1
42,419,12,77,5087,2900,3,12,14,4,0,0,0,0,0
27,199,6,55,2539,7950,1,13,4,0,4,2,2,2,0
36,1456,13,96,6134,8658,5,13,16,3,2,2,2,2,1
30,334,26,52,6696,22967,5,15,9,5,6,3,0,1,1
26,575,1,71,4364,5288,3,14,5,2,2,2,2,0,0
46,638,1,40,10673,3142,2,13,21,5,10,9,9,5,0
23,650,9,37,2500,4344,1,14,5,2,4,3,0,2,0
44,1099,5,88,18213,8751,7,11,26,5,22,9,3,10,0
31,561,3,33,4084,4156,1,12,7,2,7,2,7,7,1
31,154,7,41,2329,11737,3,15,13,2,7,7,5,2,0
26,471,24,66,2340,23213,1,18,1,3,1,0,0,0,1
34,234,9,93,5346,6208,4,17,11,3,7,1,0,7,1
31,249,6,76,6172,20739,4,18,12,3,7,7,7,7,1
49,1023,2,63,5390,13243,2,14,17,3,9,6,0,8,0
35,607,9,66,10685,23457,1,20,17,2,17,14,5,15,0
25,977,2,57,3977,7298,6,19,7,2,2,2,0,2,0
29,337,14,84,7553,22930,0,12,9,1,8,7,7,7,1
26,471,24,66,2340,23213,1,18,1,3,1,0,0,0,1
31,534,20,66,9824,22908,3,12,12,2,1,0,0,0,1
33,603,9,77,8224,18385,0,17,6,3,5,2,0,3,1
34,1326,3,81,4759,15891,3,18,15,2,13,9,3,12,0
50,562,8,50,6796,23452,3,14,18,4,4,3,1,3,1
33,813,14,58,2436,22149,5,13,8,2,5,4,0,4,1
34,216,1,75,9725,12278,0,11,16,2,15,1,0,9,0
29,574,20,40,3812,7003,1,13,11,3,11,8,3,10,0
21,1427,18,65,2693,8870,1,19,1,3,1,0,0,0,1
28,1475,13,84,9854,23352,3,11,6,0,2,0,2,2,1
45,805,4,57,4447,23163,1,12,9,5,9,7,0,8,0
35,538,25,54,3681,14004,4,14,9,3,3,2,0,2,0
23,571,12,78,2647,13672,1,13,5,6,5,2,1,4,0
30,1005,3,88,2657,8556,5,11,8,5,5,2,0,4,1
22,1256,3,48,2853,4223,0,11,1,5,0,0,0,0,1
54,685,3,85,17779,23474,3,14,36,2,10,9,0,9,0
24,1353,3,33,4999,17519,0,21,4,2,3,2,0,2,0
33,211,16,74,8564,10092,2,20,11,2,0,0,0,0,1
29,410,2,97,3180,4668,0,13,4,3,3,2,0,2,0
18,544,3,70,1569,18420,1,12,0,2,0,0,0,0,1
38,1206,9,71,4771,14293,2,19,10,0,5,2,0,3,0
30,600,8,66,2180,9732,6,11,6,0,4,2,1,2,1
30,1082,12,83,6577,19558,0,11,6,6,5,4,4,4,0
33,118,16,69,5324,26507,5,15,6,3,3,2,0,2,1
36,885,16,43,2743,8269,1,16,18,1,17,13,15,14,1
20,871,6,66,2926,19783,1,18,1,5,1,0,1,0,1
29,1082,9,43,2974,25412,9,17,9,2,5,3,1,2,0
53,970,7,59,14814,13514,3,19,32,3,5,1,1,3,0
34,1320,20,89,2585,21643,0,17,2,5,1,0,0,0,0
33,931,14,72,2756,4673,1,13,8,5,8,7,1,6,0
32,601,7,97,9204,23343,4,12,7,3,4,3,0,3,0
28,529,2,79,3485,14935,2,11,5,5,0,0,0,0,1
35,853,18,71,9069,11031,1,22,9,3,9,8,1,8,0
46,1254,10,64,7314,14011,5,21,14,2,8,7,0,7,1
50,869,3,86,2683,3810,1,14,3,2,3,2,0,2,1
19,303,2,47,1102,9241,1,22,1,3,1,0,1,0,1
25,309,2,82,2187,19655,4,14,6,3,2,0,1,2,0
48,1469,20,51,2259,5543,4,17,13,2,0,0,0,0,0
46,1009,2,51,17861,2288,6,13,26,2,3,2,0,1,0
37,1239,8,89,4071,12832,2,13,19,4,10,0,4,7,0
46,1254,10,64,7314,14011,5,21,14,2,8,7,0,7,1
33,350,5,34,2851,9150,1,13,1,2,1,0,0,0,1
43,559,10,82,5257,6227,1,11,9,3,9,7,0,0,0
34,790,24,40,4599,7815,0,23,16,2,15,9,10,10,1
55,177,8,37,13577,25592,1,15,34,3,33,9,15,0,0
31,691,5,86,4821,10077,0,12,6,4,5,2,0,3,0
36,164,2,61,7596,3809,1,13,10,2,10,9,9,0,0
36,1218,9,82,3407,6986,7,23,10,4,5,3,0,3,1
53,1168,24,66,10448,5843,6,13,15,2,2,2,2,2,1
43,1001,9,72,5679,19627,3,13,10,3,8,7,4,7,0
28,1404,17,32,2367,18779,5,12,6,2,4,1,0,3,1
47,249,2,35,4537,17783,0,22,8,2,7,6,7,7,0
52,699,1,65,19999,5678,0,14,34,5,33,18,11,9,0
34,678,19,35,2929,20338,1,12,10,3,10,9,8,7,0
32,862,2,76,2827,14947,1,12,1,3,1,0,0,0,0
40,1322,2,52,2809,2725,2,14,8,2,2,2,2,2,0
24,1269,4,46,3162,10778,0,17,6,2,5,2,3,4,0
29,1086,7,62,2532,6054,6,14,8,5,4,3,0,3,0
37,589,9,46,4189,8800,1,14,5,2,5,2,0,3,0
31,979,1,90,4345,4381,0,12,6,2,5,4,1,4,0
23,1320,8,93,3989,20586,1,11,5,2,5,4,1,2,1
49,271,3,43,4789,23070,4,25,10,3,3,2,1,2,0
38,243,7,46,4028,7791,0,20,8,2,7,7,0,5,0
29,1404,20,84,2157,18203,1,15,3,5,3,1,0,2,0
59,715,2,69,13726,21829,3,13,30,4,5,3,4,3,0
42,691,8,48,6825,21173,0,11,10,2,9,7,4,2,0
56,441,14,72,4963,4510,9,18,7,2,5,4,4,3,1
37,783,7,78,4284,13588,5,22,16,2,5,3,0,4,0
36,1302,6,80,5562,19711,3,13,9,3,3,2,0,2,0
34,419,7,53,11994,21293,0,11,13,4,12,6,2,11,0
32,1033,9,41,4200,10224,7,22,10,2,5,4,0,4,1
37,319,4,41,2793,2539,4,17,13,2,9,8,5,8,0
34,1354,5,45,11631,5615,2,12,14,6,11,10,5,8,0
24,477,24,49,3597,6409,8,22,6,2,4,3,1,2,0
18,247,8,80,1904,13556,1,12,0,0,0,0,0,0,1
24,693,3,65,4577,24785,9,14,4,3,2,2,2,0,1
40,676,9,86,2018,21831,3,14,15,3,5,4,1,0,1
19,419,21,37,2121,9947,1,13,1,3,1,0,0,0,1
24,240,22,58,1555,11585,1,11,1,2,1,0,0,0,1
29,806,7,39,3339,17285,3,13,10,2,7,7,7,7,1
29,746,24,45,1091,10642,1,17,1,3,1,0,0,0,1
31,534,20,66,9824,22908,3,12,12,2,1,0,0,0,1
37,1141,11,61,4777,14382,5,15,15,2,1,0,0,0,1
28,529,2,79,3485,14935,2,11,5,5,0,0,0,0,1
36,1218,9,82,3407,6986,7,23,10,4,5,3,0,3,1
45,954,2,46,6632,12388,0,13,9,3,8,7,3,1,0
35,1029,16,91,8606,21195,1,19,11,3,11,8,3,3,0
35,662,18,67,4614,23288,0,18,5,0,4,2,3,2,1
30,1116,2,49,2564,7181,0,14,12,2,11,7,6,7,0
20,1362,10,32,1009,26999,1,11,1,5,1,0,1,1,1
49,464,16,74,2587,24941,4,16,17,2,2,2,2,2,0
19,504,10,96,1859,6148,1,25,1,2,1,1,0,0,1
40,750,12,47,4448,10748,2,12,15,3,7,4,7,7,0
33,213,7,49,11691,25995,0,11,14,3,13,9,3,7,0
41,1102,1,94,5993,19479,8,11,8,0,6,4,0,5,1
32,1033,9,41,4200,10224,7,22,10,2,5,4,0,4,1
35,737,10,55,10306,21530,9,17,15,3,13,12,6,0,1
42,603,7,78,2372,5628,6,16,18,2,1,0,0,0,0
18,1306,5,69,1878,8059,1,14,0,3,0,0,0,0,1
30,1358,24,67,2693,13335,1,22,1,2,1,0,0,0,0
32,495,10,64,11244,21072,2,25,10,5,5,2,0,0,0
52,266,2,57,19845,25846,1,15,33,3,32,14,6,9,1
58,286,2,31,19246,25761,7,12,40,2,31,15,13,8,1
40,575,22,68,6380,6110,2,12,8,6,6,4,1,0,1
29,1378,13,46,4025,23679,4,13,10,2,4,3,0,3,0
32,1109,29,69,4025,11135,9,12,10,2,8,7,7,7,0
27,1469,1,82,3816,17881,1,11,5,2,5,2,0,4,0
47,666,29,88,11849,10268,1,12,10,2,10,7,9,9,1
36,530,2,51,4502,7439,3,15,17,2,13,7,6,7,0
28,1496,1,92,2909,15747,3,15,5,3,3,2,1,2,1
38,508,6,72,5321,14284,2,11,10,1,8,3,7,7,0
18,247,8,80,1904,13556,1,12,0,0,0,0,0,0,1
30,109,5,60,2422,25725,0,17,4,3,3,2,1,2,1
19,528,22,50,1675,26820,1,19,0,2,0,0,0,0,1
23,1320,8,93,3989,20586,1,11,5,2,5,4,1,2,1
36,430,2,73,6962,19573,4,22,15,2,1,0,0,0,0
29,1496,1,41,4319,26283,1,13,10,1,10,7,0,9,0
31,655,7,48,5915,9528,3,22,10,3,7,7,1,7,0
33,575,25,44,4320,24152,1,13,5,2,5,3,0,2,0
51,1323,4,34,2461,10332,9,12,18,2,10,0,2,7,1
31,444,5,84,2789,3909,1,11,2,5,2,2,2,2,0
31,330,22,98,6179,21057,1,15,10,3,10,2,6,7,1
29,1090,10,83,2297,17967,1,14,2,2,2,2,2,2,0
40,530,1,78,13503,14115,1,22,22,3,22,3,11,11,0
34,967,16,85,2307,14460,1,23,5,2,5,2,3,0,1
35,219,16,44,4788,25388,0,11,4,2,3,2,0,2,0
32,604,8,56,6209,11693,1,15,10,4,10,7,0,8,0
51,770,5,84,14026,17588,1,11,33,2,33,9,0,10,0
28,654,1,67,2216,3872,7,13,10,4,7,7,3,7,1
31,874,15,72,2610,6233,1,12,2,5,2,2,2,2,1
25,688,3,91,4031,9396,5,13,6,5,2,2,0,2,1
52,322,28,59,13247,9731,2,11,24,3,5,3,0,2,0
30,1358,16,96,5301,2939,8,15,4,2,2,1,2,2,0
31,754,26,63,5617,21075,1,11,10,4,10,7,0,8,1
28,467,7,55,4898,11827,0,14,5,5,4,2,1,3,0
41,1360,12,49,19545,16280,1,12,23,0,22,15,15,8,1
35,662,1,94,7295,11439,1,13,10,3,10,8,0,6,0
30,438,18,75,2632,23910,1,14,5,4,5,4,0,4,0
32,1089,7,79,4883,22845,1,18,10,3,10,4,1,1,1
59,1429,18,67,10512,20002,6,12,25,6,9,7,5,4,0
30,109,5,60,2422,25725,0,17,4,3,3,2,1,2,1
31,667,1,50,1359,16154,1,12,1,3,1,0,0,0,1
31,1276,2,59,1129,17536,1,11,1,4,1,0,0,0,0
19,303,2,47,1102,9241,1,22,1,3,1,0,1,0,1
53,238,1,34,8381,7507,7,20,18,2,14,7,8,10,0
47,719,27,77,6397,10339,4,12,8,2,5,4,1,3,1
29,738,9,30,3983,7621,0,17,4,2,3,2,2,2,0
36,885,16,43,2743,8269,1,16,18,1,17,13,15,14,1
60,370,1,92,10883,20467,3,20,19,2,1,0,0,0,0
33,1017,25,55,2313,2993,4,20,5,0,2,2,2,2,1
40,575,22,68,6380,6110,2,12,8,6,6,4,1,0,1
42,933,19,57,2759,20366,6,12,7,2,2,2,2,2,1
34,735,3,75,8103,16495,3,12,9,3,4,2,0,1,0
37,977,1,56,6474,9961,1,13,14,2,14,8,3,11,0
45,1385,20,79,13496,7501,0,14,21,2,20,7,4,10,0
38,693,7,57,2610,15748,1,11,4,2,4,2,0,3,0
31,249,6,76,6172,20739,4,18,12,3,7,7,7,7,1
58,286,2,31,19246,25761,7,12,40,2,31,15,13,8,1
44,170,1,78,5033,9364,2,15,10,5,2,0,2,2,0
35,1146,26,31,8837,16642,1,16,9,2,9,0,1,7,0
24,813,1,61,2293,3020,2,16,6,2,2,0,2,0,1
29,986,3,93,11935,21526,1,18,10,2,10,2,0,7,0
42,319,24,56,7406,6950,1,21,10,5,10,9,5,8,0
27,1337,22,58,2863,19555,1,12,1,2,1,0,0,0,1
33,134,2,90,2500,10515,0,14,4,2,3,1,0,2,0
28,1144,10,74,1052,23384,1,22,1,5,1,0,0,0,0
18,1306,5,69,1878,8059,1,14,0,3,0,0,0,0,1
24,691,23,89,2725,21630,1,11,6,3,6,5,1,4,0
34,1442,9,46,8621,17654,1,14,9,3,8,7,7,7,0
46,1211,5,98,5772,20445,4,21,14,4,9,6,0,8,0
27,591,2,87,2580,6297,2,13,6,0,4,2,1,2,0
30,1288,29,33,9250,17799,3,12,9,3,4,2,1,3,0
40,611,7,88,19833,4349,1,14,21,3,21,8,12,8,0
50,809,12,77,9208,6645,4,11,16,3,2,2,2,1,0
38,688,23,82,5745,18899,9,14,10,2,2,2,1,2,0
26,192,1,59,3955,11141,1,16,6,2,5,3,1,3,0
39,1089,6,32,8376,9150,4,18,9,3,2,0,2,2,0
34,234,9,93,5346,6208,4,17,11,3,7,1,0,7,1
46,1254,10,64,7314,14011,5,21,14,2,8,7,0,7,1
53,607,2,78,10169,14618,0,16,34,4,33,7,1,9,1
55,444,2,40,16756,17323,7,15,31,3,9,7,6,2,0
55,452,1,81,19045,18938,0,14,37,2,36,10,4,13,0
45,306,26,100,4286,5630,2,14,5,4,1,1,0,0,1
29,1092,1,36,4787,26124,9,14,4,3,2,2,2,2,1
35,670,10,51,6142,4223,3,16,10,4,5,2,0,4,0
25,583,4,87,4256,18154,1,12,5,1,5,2,0,3,0
38,653,29,50,2406,5456,1,11,10,2,10,3,9,9,0
28,1434,5,50,3441,11179,1,13,2,3,2,2,2,2,1
40,1300,24,62,3319,24447,1,17,9,3,9,8,4,7,0
27,1302,19,67,4066,16290,1,11,7,3,7,7,0,7,0
38,888,10,71,6077,14814,3,11,10,2,6,3,1,2,0
39,360,23,93,3904,22154,0,13,6,2,5,2,0,3,1
39,1329,4,47,5902,14590,4,14,17,1,15,11,5,9,0
28,1009,1,45,2596,7160,1,15,1,2,1,0,0,0,1
35,802,10,45,3917,9541,1,20,3,4,3,2,1,2,0
38,433,1,37,2844,6004,1,13,7,2,7,6,5,0,0
37,1278,1,31,9525,7677,1,14,6,2,6,3,1,3,0
42,647,4,45,5155,2253,7,13,9,3,6,4,1,5,0
36,1229,8,84,5079,25952,4,13,12,3,7,7,0,7,0
31,1062,24,96,6812,17198,1,19,10,2,10,9,1,8,0
32,1045,4,32,10400,25812,1,11,14,2,14,8,9,8,1
20,500,2,49,2044,22052,1,13,2,3,2,2,0,2,1
55,267,13,85,13695,9277,6,17,24,2,19,7,3,8,1
22,594,2,100,2523,19299,0,14,3,2,2,1,2,1,0
26,265,29,79,4969,21813,8,18,7,6,2,2,2,2,1
35,556,23,50,5916,15497,3,13,8,1,1,0,0,1,1
28,1404,17,32,2367,18779,5,12,6,2,4,1,0,3,1
37,482,3,36,9434,9606,1,15,10,2,10,7,7,8,0
24,535,24,38,2400,5530,0,13,3,3,2,2,2,1,0
38,903,2,81,4855,7653,4,11,7,2,5,2,1,4,1
36,928,1,56,6201,2823,1,14,18,1,18,14,4,11,0
45,974,1,91,2270,11005,3,14,8,2,5,3,0,2,0
36,318,9,79,3388,21777,0,17,2,0,1,0,0,0,1
46,228,3,51,16606,11380,8,12,23,2,13,12,5,1,0
41,906,5,95,2107,20293,6,17,5,2,1,0,0,0,1
39,1383,2,42,5204,7790,8,11,13,2,5,4,0,4,0
30,305,16,58,5294,9128,3,16,10,3,7,0,1,7,0
47,1180,25,84,8633,13084,2,23,25,3,17,14,12,11,0
58,1145,9,75,3346,11873,4,20,9,3,1,0,0,0,0
30,201,5,84,3204,10415,5,14,8,3,3,2,2,2,0
31,202,8,34,1261,22262,1,12,1,3,1,0,0,0,1
29,224,1,100,2362,7568,6,13,11,2,9,7,0,7,1
41,143,4,56,9355,9558,1,18,8,5,8,7,7,7,1
23,373,1,47,1223,16901,1,22,1,2,1,0,0,1,0
35,303,27,84,5813,13492,1,18,10,2,10,7,7,7,1
35,144,22,46,4230,19225,0,15,6,2,5,4,4,3,0
53,607,2,78,10169,14618,0,16,34,4,33,7,1,9,1
46,1485,18,87,4810,26314,2,14,19,5,10,7,0,8,0
29,806,7,39,3339,17285,3,13,10,2,7,7,7,7,1
19,303,2,47,1102,9241,1,22,1,3,1,0,1,0,1
38,395,9,98,2899,12102,0,19,3,3,2,2,1,2,0
24,813,1,61,2293,3020,2,16,6,2,2,0,2,0,1
30,109,5,60,2422,25725,0,17,4,3,3,2,1,2,1
21,1334,10,36,1416,17258,1,13,1,6,1,0,1,0,1
49,1475,28,97,4284,22710,3,20,20,2,4,3,1,3,1
41,167,12,46,4766,9051,3,11,6,4,1,0,0,0,0
35,880,12,36,4581,10414,3,24,13,2,11,9,6,7,1
58,1272,5,37,10552,9255,2,13,24,3,6,0,0,4,0
38,1009,2,31,6893,19461,3,15,11,3,7,7,1,7,0
48,1224,10,91,19665,13583,4,12,29,3,22,10,12,9,0
45,930,9,74,10761,19239,4,12,18,2,5,4,0,2,0
56,441,14,72,4963,4510,9,18,7,2,5,4,4,3,1
38,130,2,32,7351,20619,7,16,10,2,1,0,0,0,0
38,371,2,45,3944,4306,5,11,6,3,3,2,1,2,0
21,251,10,45,2625,25308,1,20,2,2,2,2,2,2,1
40,580,5,48,10475,23772,5,21,20,2,18,13,1,12,0
30,413,7,57,2983,18398,0,14,4,3,3,2,1,2,0
51,1150,8,53,10650,25150,2,15,18,2,4,2,0,3,1
32,548,1,66,6220,7346,1,17,10,3,10,4,0,9,0
46,563,1,56,17567,3156,1,15,27,5,26,0,0,12,0
26,1357,25,48,2293,10558,1,12,1,2,1,0,0,1,1
41,334,2,88,16015,15896,1,19,22,2,22,10,0,4,0
24,984,17,97,2210,3372,1,13,1,3,1,0,0,0,1
20,769,9,54,2323,17205,1,14,2,3,2,2,0,2,1
40,302,6,75,13237,20364,7,15,22,3,20,6,5,13,0
54,155,9,67,2897,22474,3,11,9,6,4,3,2,3,0
41,143,4,56,9355,9558,1,18,8,5,8,7,7,7,1
52,956,6,78,5577,22087,3,12,18,3,10,9,6,9,0
23,638,9,33,1790,26956,1,19,1,3,1,0,1,0,1
33,775,4,90,3055,6194,5,15,11,2,9,8,1,7,0
54,1217,2,60,13549,24001,9,12,16,5,4,3,0,3,0
28,1485,12,79,2515,22955,1,11,1,4,1,1,0,0,1
30,202,2,72,2476,17434,1,18,1,3,1,0,0,0,0
34,1065,23,72,4568,10034,0,20,10,2,9,5,8,7,0
35,664,1,79,2194,5868,4,13,5,2,3,2,1,2,0
31,793,20,67,2791,21981,0,12,3,4,2,2,2,2,0
28,103,24,50,2028,12947,5,14,6,4,4,2,0,3,1
42,1368,28,88,4523,4386,0,11,7,4,6,5,0,4,0
53,607,2,78,10169,14618,0,16,34,4,33,7,1,9,1
24,984,17,97,2210,3372,1,13,1,3,1,0,0,0,1
36,1218,9,82,3407,6986,7,23,10,4,5,3,0,3,1
35,763,15,59,5440,22098,6,14,7,2,2,2,2,2,1
40,884,15,80,10435,25800,1,13,18,2,18,15,14,12,0
56,1162,24,97,2587,10261,1,16,5,3,4,2,1,0,1
32,1062,2,75,2370,3956,1,13,8,4,8,0,0,7,0
31,688,7,44,11557,25291,9,21,10,3,5,4,0,1,0
19,489,2,52,2564,18437,1,12,1,3,1,0,0,0,1
25,883,26,32,6180,22807,1,23,6,5,6,5,1,4,0
19,303,2,47,1102,9241,1,22,1,3,1,0,1,0,1
19,504,10,96,1859,6148,1,25,1,2,1,1,0,0,1
35,1395,9,48,5098,18698,1,19,10,5,10,7,0,8,0
31,798,7,48,8943,14034,1,24,10,2,10,9,8,9,0
29,153,15,49,4193,12682,0,12,10,3,9,5,0,8,0
19,504,10,96,1859,6148,1,25,1,2,1,1,0,0,1
34,303,2,75,2231,11314,6,18,6,3,4,3,1,2,0
20,769,9,54,2323,17205,1,14,2,3,2,2,0,2,1
34,1107,9,52,2742,3072,1,15,2,0,2,2,2,2,1
30,1092,10,64,9667,2739,9,14,9,3,7,7,0,2,0
29,459,24,73,2439,14753,1,24,1,3,1,0,1,0,1
23,160,4,51,3295,12862,1,13,3,3,3,2,1,2,0
26,887,5,88,2366,20898,1,14,8,2,8,7,1,7,1
35,622,14,39,3743,10074,1,24,5,2,4,2,0,2,1
49,1495,5,96,6651,21534,2,14,20,0,3,2,1,2,0
31,561,3,33,4084,4156,1,12,7,2,7,2,7,7,1
43,531,4,56,10231,20364,3,14,23,3,21,7,15,17,0
28,1404,17,32,2367,18779,5,12,6,2,4,1,0,3,1
29,341,1,48,2800,23522,6,19,5,3,3,2,0,2,1
29,121,27,35,7639,24525,1,22,10,3,10,4,1,9,1
21,337,7,31,2679,4567,1,13,1,3,1,0,1,0,1
52,1030,5,64,8446,21534,9,19,10,2,8,7,7,7,1
30,448,12,74,2033,14470,1,18,1,2,1,0,0,0,1
29,805,1,36,2319,6689,1,11,1,1,1,0,0,0,1
41,143,4,56,9355,9558,1,18,8,5,8,7,7,7,1
30,1005,3,88,2657,8556,5,11,8,5,5,2,0,4,1
43,823,6,81,19392,22539,7,13,21,2,16,12,6,14,0
33,1076,3,70,3348,3164,1,11,10,3,10,8,9,7,1
52,994,7,87,10445,15322,7,19,18,4,8,6,4,0,0
28,1366,24,72,8722,12355,1,12,10,2,10,7,1,9,1
46,566,7,75,10845,24208,6,13,13,3,8,7,0,7,0
40,575,22,68,6380,6110,2,12,8,6,6,4,1,0,1
28,1423,1,72,1563,12530,1,14,1,2,1,0,0,0,0
46,669,9,64,9619,13596,1,16,9,3,9,8,4,7,1
37,342,16,66,6334,24558,4,19,9,2,1,0,0,0,0
34,470,2,84,5957,23687,6,13,13,3,11,9,5,9,0
21,546,5,97,3117,26009,1,18,3,2,2,2,2,2,0
44,1097,10,96,2936,10826,1,11,6,4,6,4,0,2,1
25,810,8,57,4851,15678,0,22,4,4,3,2,1,2,0
41,1360,12,49,19545,16280,1,12,23,0,22,15,15,8,1
48,626,1,98,5381,19294,9,13,23,2,1,0,0,0,1
18,230,3,54,1420,25233,1,13,0,2,0,0,0,0,1
31,542,20,71,4559,24788,3,11,4,2,2,2,2,2,1
40,663,9,81,3975,23099,3,11,11,2,8,7,0,7,0
43,930,6,73,4081,20003,1,14,20,3,20,7,1,8,0
24,813,1,61,2293,3020,2,16,6,2,2,0,2,0,1
27,269,5,42,12808,8842,1,16,9,3,9,8,0,8,0
56,1255,1,90,2066,10494,2,22,5,3,3,2,1,0,0
29,428,9,52,2760,14630,1,13,2,3,2,2,2,2,1
35,1402,28,98,2430,26204,0,23,6,5,5,3,4,2,0
49,636,10,35,18665,25594,9,11,22,4,3,2,1,2,0
37,625,1,46,10609,14922,5,11,17,2,14,1,11,7,1
35,622,14,39,3743,10074,1,24,5,2,4,2,0,2,1
34,131,2,86,4538,6039,0,12,4,3,3,2,0,2,0
30,1400,3,53,2097,16734,4,15,9,3,5,3,1,4,0
58,350,2,52,16291,22577,4,22,37,0,16,9,14,14,0
23,1243,6,63,1601,3445,1,21,1,2,0,0,0,0,1
35,1296,5,62,8095,18264,0,13,17,5,16,6,0,13,0
29,942,15,69,2168,26933,0,18,6,2,5,4,1,3,0
44,920,24,43,3161,19920,3,22,19,0,1,0,0,0,1
21,895,9,39,2610,2851,1,24,3,3,3,2,2,2,0
29,806,7,39,3339,17285,3,13,10,2,7,7,7,7,1
29,350,13,56,2335,3157,4,15,4,3,2,2,2,0,1
26,1449,16,45,2373,14180,2,13,5,2,3,2,0,2,1
53,1219,2,78,15427,22021,2,16,31,3,25,8,3,7,0
35,104,2,69,2074,26619,1,12,1,2,1,0,0,0,1
56,667,1,57,6306,26236,1,21,13,2,13,12,1,9,0
42,635,1,99,4907,24532,1,25,20,3,20,16,11,6,0
20,871,6,66,2926,19783,1,18,1,5,1,0,1,0,1
53,1436,6,34,2306,16047,2,20,13,3,7,7,4,5,0
47,703,14,42,4960,11825,2,12,20,2,7,7,1,7,0
31,670,26,31,2911,15170,1,17,5,1,5,2,4,3,0
31,523,2,94,3722,21081,6,13,7,2,2,2,2,2,1
28,193,2,52,3867,14222,1,12,2,2,2,2,2,2,0
33,527,1,63,2686,5207,1,13,10,2,10,9,7,8,1
30,138,22,48,2132,11539,4,11,7,2,5,2,0,1,1
28,280,1,43,2706,10494,1,15,3,2,3,2,2,2,0
59,142,3,70,2177,8456,3,17,7,6,1,0,0,0,0
32,638,8,91,5175,22162,5,12,9,3,5,3,1,3,0
38,1180,29,70,6673,11354,7,19,17,2,1,0,0,0,1
34,943,9,86,8500,5494,0,11,10,0,9,7,1,6,0
41,906,5,95,2107,20293,6,17,5,2,1,0,0,0,1
42,933,19,57,2759,20366,6,12,7,2,2,2,2,2,1
48,1236,1,40,15402,17997,7,11,21,3,3,2,0,2,0
32,116,13,77,2743,7331,1,20,2,2,2,2,2,2,0
37,124,3,35,4107,13848,3,15,8,3,4,3,0,1,0
19,1181,3,79,1483,16102,1,14,1,3,1,0,0,0,0
38,1404,1,59,2858,11473,4,14,20,3,1,0,0,0,0
40,676,9,86,2018,21831,3,14,15,3,5,4,1,0,1
34,704,28,95,6712,8978,1,21,8,2,8,7,1,7,0
42,622,2,81,4089,5718,1,13,10,4,10,2,2,2,0
33,813,14,58,2436,22149,5,13,8,2,5,4,0,4,1
33,827,29,54,4508,3129,1,22,14,4,13,7,3,8,1
24,1287,7,55,2886,14168,1,16,6,4,6,3,1,2,1
28,1496,1,92,2909,15747,3,15,5,3,3,2,1,2,1
55,267,13,85,13695,9277,6,17,24,2,19,7,3,8,1
47,1162,1,98,11957,17231,0,18,14,3,13,8,5,12,0
44,921,2,96,7879,14810,1,19,9,2,8,7,6,7,0
24,771,1,45,4617,14120,1,12,4,2,4,3,1,2,0
27,1354,2,41,2226,6073,1,11,6,3,5,3,1,2,0
29,805,1,36,2319,6689,1,11,1,1,1,0,0,0,1
58,147,23,94,10312,3465,1,12,40,3,40,10,15,6,1
52,1030,5,64,8446,21534,9,19,10,2,8,7,7,7,1
40,458,16,74,3544,8532,9,16,6,0,4,2,0,0,0
50,1207,28,74,3221,3297,1,11,20,3,20,8,3,8,0
35,737,10,55,10306,21530,9,17,15,3,13,12,6,0,1
48,1355,4,78,10999,22245,7,14,27,3,15,11,4,8,0
29,665,15,60,2340,22673,1,19,6,1,6,5,1,5,0
22,391,7,75,2472,26092,1,23,1,2,1,0,0,0,1
48,626,1,98,5381,19294,9,13,23,2,1,0,0,0,1
35,737,10,55,10306,21530,9,17,15,3,13,12,6,0,1
39,360,23,93,3904,22154,0,13,6,2,5,2,0,3,1
33,1296,6,30,7725,5335,3,23,15,2,13,11,4,7,0
37,799,1,59,7491,23848,4,17,12,3,6,5,1,2,0
24,813,1,61,2293,3020,2,16,6,2,2,0,2,0,1
31,202,8,34,1261,22262,1,12,1,3,1,0,0,0,1
25,383,9,68,4400,15182,3,12,6,2,3,2,2,2,1
33,827,29,54,4508,3129,1,22,14,4,13,7,3,8,1
41,263,6,59,4721,3119,2,13,20,3,18,13,2,17,0
51,1469,8,81,12490,15736,5,16,16,5,10,9,4,7,0
40,905,19,99,2741,16523,8,15,15,2,7,2,3,7,0
56,1240,9,63,2942,12154,2,19,18,4,5,4,0,3,0
32,1045,4,32,10400,25812,1,11,14,2,14,8,9,8,1
33,461,13,53,3452,17241,3,18,5,4,3,2,0,2,0
55,478,2,60,19038,19805,8,12,34,2,1,0,0,0,0
30,138,22,48,2132,11539,4,11,7,2,5,2,0,1,1
44,489,23,67,2042,25043,4,12,17,3,3,2,1,2,0
55,147,20,37,5415,15972,3,19,12,4,10,7,0,8,0
36,329,2,96,2543,11868,4,13,6,3,2,2,2,2,0
43,1422,2,92,5675,19246,1,20,7,5,7,7,7,7,0
26,887,5,88,2366,20898,1,14,8,2,8,7,1,7,1
40,616,2,99,3377,25605,4,17,7,5,4,3,0,2,0
36,884,1,73,6815,21447,6,13,15,5,1,0,0,0,0
34,699,6,83,2960,17102,2,11,8,2,4,2,1,3,1
49,1184,11,43,7654,5860,1,18,9,3,9,8,7,7,1
42,495,2,37,17861,26582,0,13,21,3,20,8,2,10,0
55,267,13,85,13695,9277,6,17,24,2,19,7,3,8,1
37,1413,5,84,3500,25470,0,14,7,2,6,5,1,3,0
31,335,9,46,2321,10322,0,22,4,0,3,2,1,2,1
29,224,1,100,2362,7568,6,13,11,2,9,7,0,7,1
33,1141,1,42,5376,3193,2,19,10,3,5,3,1,3,0
37,807,6,63,2073,23648,4,22,7,3,3,2,0,2,1
31,853,1,96,4148,11275,1,12,4,1,4,3,0,3,0
20,1362,10,32,1009,26999,1,11,1,5,1,0,1,1,1
33,1076,3,70,3348,3164,1,11,10,3,10,8,9,7,1
51,968,6,40,2838,4257,0,14,8,6,7,0,7,7,0
29,408,23,45,7336,11162,1,13,11,3,11,8,3,10,1
42,855,12,57,2766,8952,8,22,7,6,5,3,0,4,0
26,786,7,76,2570,11925,1,20,7,5,7,7,5,7,0
44,1112,1,50,5985,26894,4,11,10,1,2,2,0,2,0
33,1392,3,56,2909,23159,1,11,8,3,8,7,3,0,0
29,341,1,48,2800,23522,6,19,5,3,3,2,0,2,1
50,878,1,94,6728,14255,7,12,12,3,6,3,0,1,1
31,1060,1,54,2302,8319,1,11,3,2,3,2,2,2,1
22,617,3,34,4171,10022,0,19,4,3,3,2,0,2,1
47,1093,9,82,12936,24164,7,11,25,3,23,5,14,10,1
25,867,19,36,2413,18798,1,18,1,2,1,0,0,0,1
31,218,7,100,6929,12241,4,11,10,3,8,7,7,7,0
50,1246,3,99,18200,7999,1,11,32,2,32,5,10,7,0
39,105,9,87,19431,15302,2,13,21,3,6,0,1,3,0
21,251,10,45,2625,25308,1,20,2,2,2,2,2,2,1
33,118,16,69,5324,26507,5,15,6,3,3,2,0,2,1
29,408,23,45,7336,11162,1,13,11,3,11,8,3,10,1
50,1126,1,66,17399,6615,9,22,32,1,5,4,1,3,0
36,688,4,97,5131,9192,7,13,18,3,4,2,0,2,0
46,1034,18,86,10527,8984,5,11,28,3,2,2,1,2,0
22,1230,1,33,4775,19146,6,22,4,2,2,2,2,2,0
32,977,2,45,5470,25518,0,13,10,4,9,5,1,6,0
36,1456,13,96,6134,8658,5,13,16,3,2,2,2,2,1
59,1089,1,66,11904,11038,3,14,14,1,6,4,0,4,0
55,1091,2,65,10976,15813,3,18,23,4,3,2,1,2,0
35,146,2,79,4930,13970,0,14,6,2,5,4,1,4,0
